<?xml version="1.0" encoding="UTF-8"?>
<lom xmlns="http://www.imsglobal.org/xsd/imsmd_rootv1p2p1" xmlns:xsi="http://www.w3.org/2001/XMLSchema-instance" xsi:schemaLocation="http://www.imsglobal.org/xsd/imsmd_rootv1p2p1 imsmd_rootv1p2p1.xsd"><relation><resource><identifier>42243532_4#540</identifier><catalogentry><catalog>versioning_allfiles_or_allfilesrecursive</catalog><entry><langstring>allFilesInFolderAndSubfolders</langstring></entry><extension><type/></extension></catalogentry><catalogentry><catalog>tracking_allfiles_or_allfilesrecursive</catalog><entry><langstring>allFilesInFolderAndSubfolders</langstring></entry><extension><type/></extension></catalogentry></resource></relation><relation><resource><identifier>42385080_4#10-week-version</identifier><catalogentry><catalog>versioning_allfiles_or_allfilesrecursive</catalog><entry><langstring>allFilesInFolderAndSubfolders</langstring></entry><extension><type/></extension></catalogentry><catalogentry><catalog>tracking_allfiles_or_allfilesrecursive</catalog><entry><langstring>allFilesInFolderAndSubfolders</langstring></entry><extension><type/></extension></catalogentry></resource></relation><relation><resource><identifier>42385081_4#Week 1</identifier><catalogentry><catalog>versioning_allfiles_or_allfilesrecursive</catalog><entry><langstring>allFilesInFolderAndSubfolders</langstring></entry><extension><type/></extension></catalogentry><catalogentry><catalog>tracking_allfiles_or_allfilesrecursive</catalog><entry><langstring>allFilesInFolderAndSubfolders</langstring></entry><extension><type/></extension></catalogentry></resource></relation><relation><resource><identifier>42385084_4#dsc 540 10 week week 1 1.1 discussion.html</identifier><catalogentry><catalog>artifact_type</catalog><entry><langstring>html</langstring></entry><extension><type/></extension></catalogentry></resource></relation><relation><resource><identifier>42385083_4#dsc 540 10 week week 1 1.2 exercise.html</identifier><catalogentry><catalog>artifact_type</catalog><entry><langstring>html</langstring></entry><extension><type/></extension></catalogentry></resource></relation><relation><resource><identifier>42385089_4#dsc 540 10 week week 1 course intro discussion.html</identifier><catalogentry><catalog>artifact_type</catalog><entry><langstring>html</langstring></entry><extension><type/></extension></catalogentry></resource></relation><relation><resource><identifier>42385085_4#dsc 540 10 week week 1 info on mid-term project.html</identifier><catalogentry><catalog>artifact_type</catalog><entry><langstring>html</langstring></entry><extension><type/></extension></catalogentry></resource></relation><relation><resource><identifier>42385082_4#dsc 540 10 week week 1 info on term project.html</identifier><catalogentry><catalog>artifact_type</catalog><entry><langstring>html</langstring></entry><extension><type/></extension></catalogentry></resource></relation><relation><resource><identifier>42385088_4#dsc 540 10 week week 1 intro.html</identifier><catalogentry><catalog>artifact_type</catalog><entry><langstring>html</langstring></entry><extension><type/></extension></catalogentry></resource></relation><relation><resource><identifier>42385086_4#dsc 540 10 week week 1 supplemental readings.html</identifier><catalogentry><catalog>artifact_type</catalog><entry><langstring>html</langstring></entry><extension><type/></extension></catalogentry></resource></relation><relation><resource><identifier>42385087_4#dsc 540 10 week week 1 tasks.html</identifier><catalogentry><catalog>artifact_type</catalog><entry><langstring>html</langstring></entry><extension><type/></extension></catalogentry></resource></relation><relation><resource><identifier>42385947_4#week 10</identifier><catalogentry><catalog>versioning_allfiles_or_allfilesrecursive</catalog><entry><langstring>allFilesInFolderAndSubfolders</langstring></entry><extension><type/></extension></catalogentry><catalogentry><catalog>tracking_allfiles_or_allfilesrecursive</catalog><entry><langstring>allFilesInFolderAndSubfolders</langstring></entry><extension><type/></extension></catalogentry></resource></relation><relation><resource><identifier>42385950_4#dsc 540 10 week week 10 10.1 discussion.html</identifier><catalogentry><catalog>artifact_type</catalog><entry><langstring>html</langstring></entry><extension><type/></extension></catalogentry></resource></relation><relation><resource><identifier>42385949_4#dsc 540 10 week week 10 10.1 exercise.html</identifier><catalogentry><catalog>artifact_type</catalog><entry><langstring>html</langstring></entry><extension><type/></extension></catalogentry></resource></relation><relation><resource><identifier>42385948_4#dsc 540 10 week week 10 10.3 final term Project.html</identifier><catalogentry><catalog>artifact_type</catalog><entry><langstring>html</langstring></entry><extension><type/></extension></catalogentry></resource></relation><relation><resource><identifier>42385952_4#dsc 540 10 week week 10 intro.html</identifier><catalogentry><catalog>artifact_type</catalog><entry><langstring>html</langstring></entry><extension><type/></extension></catalogentry></resource></relation><relation><resource><identifier>42385951_4#dsc 540 10 week week 10 tasks.html</identifier><catalogentry><catalog>artifact_type</catalog><entry><langstring>html</langstring></entry><extension><type/></extension></catalogentry></resource></relation><relation><resource><identifier>42385090_4#Week 2</identifier><catalogentry><catalog>versioning_allfiles_or_allfilesrecursive</catalog><entry><langstring>allFilesInFolderAndSubfolders</langstring></entry><extension><type/></extension></catalogentry><catalogentry><catalog>tracking_allfiles_or_allfilesrecursive</catalog><entry><langstring>allFilesInFolderAndSubfolders</langstring></entry><extension><type/></extension></catalogentry></resource></relation><relation><resource><identifier>42385091_4#dsc 530 10 week week 2 helpful ds resources.html</identifier><catalogentry><catalog>artifact_type</catalog><entry><langstring>html</langstring></entry><extension><type/></extension></catalogentry></resource></relation><relation><resource><identifier>42385094_4#dsc 540 10 week week 2 2.1 discussion.html</identifier><catalogentry><catalog>artifact_type</catalog><entry><langstring>html</langstring></entry><extension><type/></extension></catalogentry></resource></relation><relation><resource><identifier>42385093_4#dsc 540 10 week week 2 2.1 exercise.html</identifier><catalogentry><catalog>artifact_type</catalog><entry><langstring>html</langstring></entry><extension><type/></extension></catalogentry></resource></relation><relation><resource><identifier>42385092_4#dsc 540 10 week week 2 intro.html</identifier><catalogentry><catalog>artifact_type</catalog><entry><langstring>html</langstring></entry><extension><type/></extension></catalogentry></resource></relation><relation><resource><identifier>42385095_4#dsc 540 10 week week 2 supplemental readings.html</identifier><catalogentry><catalog>artifact_type</catalog><entry><langstring>html</langstring></entry><extension><type/></extension></catalogentry></resource></relation><relation><resource><identifier>42385096_4#dsc 540 10 week week 2 tasks.html</identifier><catalogentry><catalog>artifact_type</catalog><entry><langstring>html</langstring></entry><extension><type/></extension></catalogentry></resource></relation><relation><resource><identifier>42385097_4#Week 3</identifier><catalogentry><catalog>versioning_allfiles_or_allfilesrecursive</catalog><entry><langstring>allFilesInFolderAndSubfolders</langstring></entry><extension><type/></extension></catalogentry><catalogentry><catalog>tracking_allfiles_or_allfilesrecursive</catalog><entry><langstring>allFilesInFolderAndSubfolders</langstring></entry><extension><type/></extension></catalogentry></resource></relation><relation><resource><identifier>42385098_4#dsc 540 10 week week 3 3.1 discussion.html</identifier><catalogentry><catalog>artifact_type</catalog><entry><langstring>html</langstring></entry><extension><type/></extension></catalogentry></resource></relation><relation><resource><identifier>42385901_4#dsc 540 10 week week 3 intro.html</identifier><catalogentry><catalog>artifact_type</catalog><entry><langstring>html</langstring></entry><extension><type/></extension></catalogentry></resource></relation><relation><resource><identifier>42385099_4#dsc 540 10 week week 3 supplemental readings.html</identifier><catalogentry><catalog>artifact_type</catalog><entry><langstring>html</langstring></entry><extension><type/></extension></catalogentry></resource></relation><relation><resource><identifier>42385100_4#dsc 540 10 week week 3 tasks.html</identifier><catalogentry><catalog>artifact_type</catalog><entry><langstring>html</langstring></entry><extension><type/></extension></catalogentry></resource></relation><relation><resource><identifier>42385902_4#dsc 540 10 week week 4 4.1 exercise.html</identifier><catalogentry><catalog>artifact_type</catalog><entry><langstring>html</langstring></entry><extension><type/></extension></catalogentry></resource></relation><relation><resource><identifier>42385903_4#Week 4</identifier><catalogentry><catalog>versioning_allfiles_or_allfilesrecursive</catalog><entry><langstring>allFilesInFolderAndSubfolders</langstring></entry><extension><type/></extension></catalogentry><catalogentry><catalog>tracking_allfiles_or_allfilesrecursive</catalog><entry><langstring>allFilesInFolderAndSubfolders</langstring></entry><extension><type/></extension></catalogentry></resource></relation><relation><resource><identifier>42385909_4#dsc 540 10 week week 4 4.1 discussion.html</identifier><catalogentry><catalog>artifact_type</catalog><entry><langstring>html</langstring></entry><extension><type/></extension></catalogentry></resource></relation><relation><resource><identifier>42385908_4#dsc 540 10 week week 4 4.1 exercise.html</identifier><catalogentry><catalog>artifact_type</catalog><entry><langstring>html</langstring></entry><extension><type/></extension></catalogentry></resource></relation><relation><resource><identifier>42385904_4#dsc 540 10 week week 4 datasets.html</identifier><catalogentry><catalog>artifact_type</catalog><entry><langstring>html</langstring></entry><extension><type/></extension></catalogentry></resource></relation><relation><resource><identifier>42385907_4#dsc 540 10 week week 4 intro.html</identifier><catalogentry><catalog>artifact_type</catalog><entry><langstring>html</langstring></entry><extension><type/></extension></catalogentry></resource></relation><relation><resource><identifier>42385906_4#dsc 540 10 week week 4 supplemental readings.html</identifier><catalogentry><catalog>artifact_type</catalog><entry><langstring>html</langstring></entry><extension><type/></extension></catalogentry></resource></relation><relation><resource><identifier>42385905_4#dsc 540 10 week week 4 tasks.html</identifier><catalogentry><catalog>artifact_type</catalog><entry><langstring>html</langstring></entry><extension><type/></extension></catalogentry></resource></relation><relation><resource><identifier>42385958_4#week 5</identifier><catalogentry><catalog>versioning_allfiles_or_allfilesrecursive</catalog><entry><langstring>allFilesInFolderOnly</langstring></entry><extension><type/></extension></catalogentry><catalogentry><catalog>tracking_allfiles_or_allfilesrecursive</catalog><entry><langstring>allFilesInFolderOnly</langstring></entry><extension><type/></extension></catalogentry></resource></relation><relation><resource><identifier>42385967_4#dsc 540 10 week week 5 5.1 discussion.html</identifier><catalogentry><catalog>artifact_type</catalog><entry><langstring>html</langstring></entry><extension><type/></extension></catalogentry></resource></relation><relation><resource><identifier>42385968_4#dsc 540 10 week week 5 5.2 exercise.html</identifier><catalogentry><catalog>artifact_type</catalog><entry><langstring>html</langstring></entry><extension><type/></extension></catalogentry></resource></relation><relation><resource><identifier>42385971_4#dsc 540 10 week week 5 5.3 assignment-mid term.html</identifier><catalogentry><catalog>artifact_type</catalog><entry><langstring>html</langstring></entry><extension><type/></extension></catalogentry></resource></relation><relation><resource><identifier>42385962_4#dsc 540 10 week week 5 intro.html</identifier><catalogentry><catalog>artifact_type</catalog><entry><langstring>html</langstring></entry><extension><type/></extension></catalogentry></resource></relation><relation><resource><identifier>42385964_4#dsc 540 10 week week 5 supp readings.html</identifier><catalogentry><catalog>artifact_type</catalog><entry><langstring>html</langstring></entry><extension><type/></extension></catalogentry></resource></relation><relation><resource><identifier>42385963_4#dsc 540 10 week week 5 tasks.html</identifier><catalogentry><catalog>artifact_type</catalog><entry><langstring>html</langstring></entry><extension><type/></extension></catalogentry></resource></relation><relation><resource><identifier>42385910_4#Week 6</identifier><catalogentry><catalog>versioning_allfiles_or_allfilesrecursive</catalog><entry><langstring>allFilesInFolderAndSubfolders</langstring></entry><extension><type/></extension></catalogentry><catalogentry><catalog>tracking_allfiles_or_allfilesrecursive</catalog><entry><langstring>allFilesInFolderAndSubfolders</langstring></entry><extension><type/></extension></catalogentry></resource></relation><relation><resource><identifier>42385915_4#dsc 540 10 week week 6 6.1 discussion.html</identifier><catalogentry><catalog>artifact_type</catalog><entry><langstring>html</langstring></entry><extension><type/></extension></catalogentry></resource></relation><relation><resource><identifier>42385914_4#dsc 540 10 week week 6 6.1 exercise.html</identifier><catalogentry><catalog>artifact_type</catalog><entry><langstring>html</langstring></entry><extension><type/></extension></catalogentry></resource></relation><relation><resource><identifier>42385913_4#dsc 540 10 week week 6 intro.html</identifier><catalogentry><catalog>artifact_type</catalog><entry><langstring>html</langstring></entry><extension><type/></extension></catalogentry></resource></relation><relation><resource><identifier>42385912_4#dsc 540 10 week week 6 supplemental readings.html</identifier><catalogentry><catalog>artifact_type</catalog><entry><langstring>html</langstring></entry><extension><type/></extension></catalogentry></resource></relation><relation><resource><identifier>42385911_4#dsc 540 10 week week 6 tasks.html</identifier><catalogentry><catalog>artifact_type</catalog><entry><langstring>html</langstring></entry><extension><type/></extension></catalogentry></resource></relation><relation><resource><identifier>42385916_4#Week 7</identifier><catalogentry><catalog>versioning_allfiles_or_allfilesrecursive</catalog><entry><langstring>allFilesInFolderAndSubfolders</langstring></entry><extension><type/></extension></catalogentry><catalogentry><catalog>tracking_allfiles_or_allfilesrecursive</catalog><entry><langstring>allFilesInFolderAndSubfolders</langstring></entry><extension><type/></extension></catalogentry></resource></relation><relation><resource><identifier>42385921_4#dsc 540 10 week week 7 7.1 discussion.html</identifier><catalogentry><catalog>artifact_type</catalog><entry><langstring>html</langstring></entry><extension><type/></extension></catalogentry></resource></relation><relation><resource><identifier>42385920_4#dsc 540 10 week week 7 7.1 exercise.html</identifier><catalogentry><catalog>artifact_type</catalog><entry><langstring>html</langstring></entry><extension><type/></extension></catalogentry></resource></relation><relation><resource><identifier>42385919_4#dsc 540 10 week week 7 intro.html</identifier><catalogentry><catalog>artifact_type</catalog><entry><langstring>html</langstring></entry><extension><type/></extension></catalogentry></resource></relation><relation><resource><identifier>42385918_4#dsc 540 10 week week 7 supplemental readings.html</identifier><catalogentry><catalog>artifact_type</catalog><entry><langstring>html</langstring></entry><extension><type/></extension></catalogentry></resource></relation><relation><resource><identifier>42385917_4#dsc 540 12 week week 7 tasks.html</identifier><catalogentry><catalog>artifact_type</catalog><entry><langstring>html</langstring></entry><extension><type/></extension></catalogentry></resource></relation><relation><resource><identifier>42385922_4#Week 8</identifier><catalogentry><catalog>versioning_allfiles_or_allfilesrecursive</catalog><entry><langstring>allFilesInFolderAndSubfolders</langstring></entry><extension><type/></extension></catalogentry><catalogentry><catalog>tracking_allfiles_or_allfilesrecursive</catalog><entry><langstring>allFilesInFolderAndSubfolders</langstring></entry><extension><type/></extension></catalogentry></resource></relation><relation><resource><identifier>42385924_4#dsc 540 10 week week 8 8.1 discussion.html</identifier><catalogentry><catalog>artifact_type</catalog><entry><langstring>html</langstring></entry><extension><type/></extension></catalogentry></resource></relation><relation><resource><identifier>42385923_4#dsc 540 10 week week 8 8.1 exercise.html</identifier><catalogentry><catalog>artifact_type</catalog><entry><langstring>html</langstring></entry><extension><type/></extension></catalogentry></resource></relation><relation><resource><identifier>42385927_4#dsc 540 10 week week 8 intro.html</identifier><catalogentry><catalog>artifact_type</catalog><entry><langstring>html</langstring></entry><extension><type/></extension></catalogentry></resource></relation><relation><resource><identifier>42385925_4#dsc 540 10 week week 8 supplemental readings.html</identifier><catalogentry><catalog>artifact_type</catalog><entry><langstring>html</langstring></entry><extension><type/></extension></catalogentry></resource></relation><relation><resource><identifier>42385926_4#dsc 540 10 week week 8 tasks.html</identifier><catalogentry><catalog>artifact_type</catalog><entry><langstring>html</langstring></entry><extension><type/></extension></catalogentry></resource></relation><relation><resource><identifier>42385961_4#week 9</identifier><catalogentry><catalog>versioning_allfiles_or_allfilesrecursive</catalog><entry><langstring>allFilesInFolderOnly</langstring></entry><extension><type/></extension></catalogentry><catalogentry><catalog>tracking_allfiles_or_allfilesrecursive</catalog><entry><langstring>allFilesInFolderOnly</langstring></entry><extension><type/></extension></catalogentry></resource></relation><relation><resource><identifier>42394709_4#dsc 540 10 week week 9 9.1 discussion.html</identifier><catalogentry><catalog>artifact_type</catalog><entry><langstring>html</langstring></entry><extension><type/></extension></catalogentry></resource></relation><relation><resource><identifier>42394712_4#dsc 540 10 week week 9 9.2 exercise.html</identifier><catalogentry><catalog>artifact_type</catalog><entry><langstring>html</langstring></entry><extension><type/></extension></catalogentry></resource></relation><relation><resource><identifier>42394197_4#dsc 540 10 week week 9 intro.html</identifier><catalogentry><catalog>artifact_type</catalog><entry><langstring>html</langstring></entry><extension><type/></extension></catalogentry></resource></relation><relation><resource><identifier>42394708_4#dsc 540 10 week week 9 supp readings.html</identifier><catalogentry><catalog>artifact_type</catalog><entry><langstring>html</langstring></entry><extension><type/></extension></catalogentry></resource></relation><relation><resource><identifier>42394198_4#dsc 540 10 week week 9 tasks.html</identifier><catalogentry><catalog>artifact_type</catalog><entry><langstring>html</langstring></entry><extension><type/></extension></catalogentry></resource></relation><relation><resource><identifier>42243542_4#Week 1</identifier><catalogentry><catalog>versioning_allfiles_or_allfilesrecursive</catalog><entry><langstring>allFilesInFolderOnly</langstring></entry><extension><type/></extension></catalogentry><catalogentry><catalog>tracking_allfiles_or_allfilesrecursive</catalog><entry><langstring>allFilesInFolderOnly</langstring></entry><extension><type/></extension></catalogentry></resource></relation><relation><resource><identifier>42243553_4#dsc 540 12 week week 1 1.1 discussion.html</identifier><catalogentry><catalog>artifact_type</catalog><entry><langstring>html</langstring></entry><extension><type/></extension></catalogentry></resource></relation><relation><resource><identifier>42243552_4#dsc 540 12 week week 1 1.2 exercise.html</identifier><catalogentry><catalog>artifact_type</catalog><entry><langstring>html</langstring></entry><extension><type/></extension></catalogentry></resource></relation><relation><resource><identifier>42243549_4#dsc 540 12 week week 1 course intro discussion.html</identifier><catalogentry><catalog>artifact_type</catalog><entry><langstring>html</langstring></entry><extension><type/></extension></catalogentry></resource></relation><relation><resource><identifier>42253799_4#dsc 540 12 week week 1 info on mid-term project.html</identifier><catalogentry><catalog>artifact_type</catalog><entry><langstring>html</langstring></entry><extension><type/></extension></catalogentry></resource></relation><relation><resource><identifier>42243546_4#dsc 540 12 week week 1 info on term project.html</identifier><catalogentry><catalog>artifact_type</catalog><entry><langstring>html</langstring></entry><extension><type/></extension></catalogentry></resource></relation><relation><resource><identifier>42243545_4#dsc 540 12 week week 1 intro.html</identifier><catalogentry><catalog>artifact_type</catalog><entry><langstring>html</langstring></entry><extension><type/></extension></catalogentry></resource></relation><relation><resource><identifier>42243543_4#dsc 540 12 week week 1 supplemental readings.html</identifier><catalogentry><catalog>artifact_type</catalog><entry><langstring>html</langstring></entry><extension><type/></extension></catalogentry></resource></relation><relation><resource><identifier>42243548_4#dsc 540 12 week week 1 tasks.html</identifier><catalogentry><catalog>artifact_type</catalog><entry><langstring>html</langstring></entry><extension><type/></extension></catalogentry></resource></relation><relation><resource><identifier>42243554_4#Week 10</identifier><catalogentry><catalog>versioning_allfiles_or_allfilesrecursive</catalog><entry><langstring>allFilesInFolderAndSubfolders</langstring></entry><extension><type/></extension></catalogentry><catalogentry><catalog>tracking_allfiles_or_allfilesrecursive</catalog><entry><langstring>allFilesInFolderAndSubfolders</langstring></entry><extension><type/></extension></catalogentry></resource></relation><relation><resource><identifier>42349511_4#dsc 540 12 week week 10 10.1 discussion.html</identifier><catalogentry><catalog>artifact_type</catalog><entry><langstring>html</langstring></entry><extension><type/></extension></catalogentry></resource></relation><relation><resource><identifier>42349512_4#dsc 540 12 week week 10 10.1 exercise.html</identifier><catalogentry><catalog>artifact_type</catalog><entry><langstring>html</langstring></entry><extension><type/></extension></catalogentry></resource></relation><relation><resource><identifier>42349513_4#dsc 540 12 week week 10 intro.html</identifier><catalogentry><catalog>artifact_type</catalog><entry><langstring>html</langstring></entry><extension><type/></extension></catalogentry></resource></relation><relation><resource><identifier>42349514_4#dsc 540 12 week week 10 supplemental readings.html</identifier><catalogentry><catalog>artifact_type</catalog><entry><langstring>html</langstring></entry><extension><type/></extension></catalogentry></resource></relation><relation><resource><identifier>42349515_4#dsc 540 12 week week 10 tasks.html</identifier><catalogentry><catalog>artifact_type</catalog><entry><langstring>html</langstring></entry><extension><type/></extension></catalogentry></resource></relation><relation><resource><identifier>42243561_4#week 11</identifier><catalogentry><catalog>versioning_allfiles_or_allfilesrecursive</catalog><entry><langstring>allFilesInFolderAndSubfolders</langstring></entry><extension><type/></extension></catalogentry><catalogentry><catalog>tracking_allfiles_or_allfilesrecursive</catalog><entry><langstring>allFilesInFolderAndSubfolders</langstring></entry><extension><type/></extension></catalogentry></resource></relation><relation><resource><identifier>42349561_4#dsc 540 12 week week 11 11.1 discussion.html</identifier><catalogentry><catalog>artifact_type</catalog><entry><langstring>html</langstring></entry><extension><type/></extension></catalogentry></resource></relation><relation><resource><identifier>42349562_4#dsc 540 12 week week 11 11.1 exercise.html</identifier><catalogentry><catalog>artifact_type</catalog><entry><langstring>html</langstring></entry><extension><type/></extension></catalogentry></resource></relation><relation><resource><identifier>42349563_4#dsc 540 12 week week 11 intro.html</identifier><catalogentry><catalog>artifact_type</catalog><entry><langstring>html</langstring></entry><extension><type/></extension></catalogentry></resource></relation><relation><resource><identifier>42349564_4#dsc 540 12 week week 11 supplemental readings.html</identifier><catalogentry><catalog>artifact_type</catalog><entry><langstring>html</langstring></entry><extension><type/></extension></catalogentry></resource></relation><relation><resource><identifier>42349565_4#dsc 540 12 week week 11 tasks.html</identifier><catalogentry><catalog>artifact_type</catalog><entry><langstring>html</langstring></entry><extension><type/></extension></catalogentry></resource></relation><relation><resource><identifier>42243568_4#week 12</identifier><catalogentry><catalog>versioning_allfiles_or_allfilesrecursive</catalog><entry><langstring>allFilesInFolderAndSubfolders</langstring></entry><extension><type/></extension></catalogentry><catalogentry><catalog>tracking_allfiles_or_allfilesrecursive</catalog><entry><langstring>allFilesInFolderAndSubfolders</langstring></entry><extension><type/></extension></catalogentry></resource></relation><relation><resource><identifier>42349574_4#dsc 540 12 week week 12 12.1 discussion.html</identifier><catalogentry><catalog>artifact_type</catalog><entry><langstring>html</langstring></entry><extension><type/></extension></catalogentry></resource></relation><relation><resource><identifier>42349575_4#dsc 540 12 week week 12 12.1 exercise.html</identifier><catalogentry><catalog>artifact_type</catalog><entry><langstring>html</langstring></entry><extension><type/></extension></catalogentry></resource></relation><relation><resource><identifier>42349578_4#dsc 540 12 week week 12 12.3 mid-term Project.html</identifier><catalogentry><catalog>artifact_type</catalog><entry><langstring>html</langstring></entry><extension><type/></extension></catalogentry></resource></relation><relation><resource><identifier>42349576_4#dsc 540 12 week week 12 intro.html</identifier><catalogentry><catalog>artifact_type</catalog><entry><langstring>html</langstring></entry><extension><type/></extension></catalogentry></resource></relation><relation><resource><identifier>42349577_4#dsc 540 12 week week 12 tasks.html</identifier><catalogentry><catalog>artifact_type</catalog><entry><langstring>html</langstring></entry><extension><type/></extension></catalogentry></resource></relation><relation><resource><identifier>42243575_4#Week 2</identifier><catalogentry><catalog>versioning_allfiles_or_allfilesrecursive</catalog><entry><langstring>allFilesInFolderOnly</langstring></entry><extension><type/></extension></catalogentry><catalogentry><catalog>tracking_allfiles_or_allfilesrecursive</catalog><entry><langstring>allFilesInFolderOnly</langstring></entry><extension><type/></extension></catalogentry></resource></relation><relation><resource><identifier>42268756_4#dsc 530 12 week week 2 helpful ds resources.html</identifier><catalogentry><catalog>artifact_type</catalog><entry><langstring>html</langstring></entry><extension><type/></extension></catalogentry></resource></relation><relation><resource><identifier>42243579_4#dsc 540 12 week week 2 2.1 discussion.html</identifier><catalogentry><catalog>artifact_type</catalog><entry><langstring>html</langstring></entry><extension><type/></extension></catalogentry></resource></relation><relation><resource><identifier>42243578_4#dsc 540 12 week week 2 2.1 exercise.html</identifier><catalogentry><catalog>artifact_type</catalog><entry><langstring>html</langstring></entry><extension><type/></extension></catalogentry></resource></relation><relation><resource><identifier>42243581_4#dsc 540 12 week week 2 intro.html</identifier><catalogentry><catalog>artifact_type</catalog><entry><langstring>html</langstring></entry><extension><type/></extension></catalogentry></resource></relation><relation><resource><identifier>42243580_4#dsc 540 12 week week 2 supplemental readings.html</identifier><catalogentry><catalog>artifact_type</catalog><entry><langstring>html</langstring></entry><extension><type/></extension></catalogentry></resource></relation><relation><resource><identifier>42243582_4#dsc 540 12 week week 2 tasks.html</identifier><catalogentry><catalog>artifact_type</catalog><entry><langstring>html</langstring></entry><extension><type/></extension></catalogentry></resource></relation><relation><resource><identifier>42243584_4#Week 3</identifier><catalogentry><catalog>versioning_allfiles_or_allfilesrecursive</catalog><entry><langstring>allFilesInFolderAndSubfolders</langstring></entry><extension><type/></extension></catalogentry><catalogentry><catalog>tracking_allfiles_or_allfilesrecursive</catalog><entry><langstring>allFilesInFolderAndSubfolders</langstring></entry><extension><type/></extension></catalogentry></resource></relation><relation><resource><identifier>42270030_4#dsc 540 12 week week 3 3.1 discussion.html</identifier><catalogentry><catalog>artifact_type</catalog><entry><langstring>html</langstring></entry><extension><type/></extension></catalogentry></resource></relation><relation><resource><identifier>42270032_4#dsc 540 12 week week 3 intro.html</identifier><catalogentry><catalog>artifact_type</catalog><entry><langstring>html</langstring></entry><extension><type/></extension></catalogentry></resource></relation><relation><resource><identifier>42270033_4#dsc 540 12 week week 3 supplemental readings.html</identifier><catalogentry><catalog>artifact_type</catalog><entry><langstring>html</langstring></entry><extension><type/></extension></catalogentry></resource></relation><relation><resource><identifier>42270034_4#dsc 540 12 week week 3 tasks.html</identifier><catalogentry><catalog>artifact_type</catalog><entry><langstring>html</langstring></entry><extension><type/></extension></catalogentry></resource></relation><relation><resource><identifier>42270031_4#dsc 540 12 week week 4 4.1 exercise.html</identifier><catalogentry><catalog>artifact_type</catalog><entry><langstring>html</langstring></entry><extension><type/></extension></catalogentry></resource></relation><relation><resource><identifier>42243591_4#Week 4</identifier><catalogentry><catalog>versioning_allfiles_or_allfilesrecursive</catalog><entry><langstring>allFilesInFolderOnly</langstring></entry><extension><type/></extension></catalogentry><catalogentry><catalog>tracking_allfiles_or_allfilesrecursive</catalog><entry><langstring>allFilesInFolderOnly</langstring></entry><extension><type/></extension></catalogentry></resource></relation><relation><resource><identifier>42268734_4#dsc 540 12 week week 4 4.1 discussion.html</identifier><catalogentry><catalog>artifact_type</catalog><entry><langstring>html</langstring></entry><extension><type/></extension></catalogentry></resource></relation><relation><resource><identifier>42268735_4#dsc 540 12 week week 4 4.1 exercise.html</identifier><catalogentry><catalog>artifact_type</catalog><entry><langstring>html</langstring></entry><extension><type/></extension></catalogentry></resource></relation><relation><resource><identifier>42270029_4#dsc 540 12 week week 4 datasets.html</identifier><catalogentry><catalog>artifact_type</catalog><entry><langstring>html</langstring></entry><extension><type/></extension></catalogentry></resource></relation><relation><resource><identifier>42268736_4#dsc 540 12 week week 4 intro.html</identifier><catalogentry><catalog>artifact_type</catalog><entry><langstring>html</langstring></entry><extension><type/></extension></catalogentry></resource></relation><relation><resource><identifier>42268737_4#dsc 540 12 week week 4 supplemental readings.html</identifier><catalogentry><catalog>artifact_type</catalog><entry><langstring>html</langstring></entry><extension><type/></extension></catalogentry></resource></relation><relation><resource><identifier>42268738_4#dsc 540 12 week week 4 tasks.html</identifier><catalogentry><catalog>artifact_type</catalog><entry><langstring>html</langstring></entry><extension><type/></extension></catalogentry></resource></relation><relation><resource><identifier>42243599_4#Week 5</identifier><catalogentry><catalog>versioning_allfiles_or_allfilesrecursive</catalog><entry><langstring>allFilesInFolderAndSubfolders</langstring></entry><extension><type/></extension></catalogentry><catalogentry><catalog>tracking_allfiles_or_allfilesrecursive</catalog><entry><langstring>allFilesInFolderAndSubfolders</langstring></entry><extension><type/></extension></catalogentry></resource></relation><relation><resource><identifier>42301800_4#dsc 540 12 week week 5 5.1 discussion.html</identifier><catalogentry><catalog>artifact_type</catalog><entry><langstring>html</langstring></entry><extension><type/></extension></catalogentry></resource></relation><relation><resource><identifier>42302601_4#dsc 540 12 week week 5 5.1 exercise.html</identifier><catalogentry><catalog>artifact_type</catalog><entry><langstring>html</langstring></entry><extension><type/></extension></catalogentry></resource></relation><relation><resource><identifier>42302603_4#dsc 540 12 week week 5 intro.html</identifier><catalogentry><catalog>artifact_type</catalog><entry><langstring>html</langstring></entry><extension><type/></extension></catalogentry></resource></relation><relation><resource><identifier>42302604_4#dsc 540 12 week week 5 supplemental readings.html</identifier><catalogentry><catalog>artifact_type</catalog><entry><langstring>html</langstring></entry><extension><type/></extension></catalogentry></resource></relation><relation><resource><identifier>42302605_4#dsc 540 12 week week 5 tasks.html</identifier><catalogentry><catalog>artifact_type</catalog><entry><langstring>html</langstring></entry><extension><type/></extension></catalogentry></resource></relation><relation><resource><identifier>42243707_4#Week 6</identifier><catalogentry><catalog>versioning_allfiles_or_allfilesrecursive</catalog><entry><langstring>allFilesInFolderAndSubfolders</langstring></entry><extension><type/></extension></catalogentry><catalogentry><catalog>tracking_allfiles_or_allfilesrecursive</catalog><entry><langstring>allFilesInFolderAndSubfolders</langstring></entry><extension><type/></extension></catalogentry></resource></relation><relation><resource><identifier>42309572_4#dsc 540 12 week week 6 6.1 discussion.html</identifier><catalogentry><catalog>artifact_type</catalog><entry><langstring>html</langstring></entry><extension><type/></extension></catalogentry></resource></relation><relation><resource><identifier>42309573_4#dsc 540 12 week week 6 6.1 exercise.html</identifier><catalogentry><catalog>artifact_type</catalog><entry><langstring>html</langstring></entry><extension><type/></extension></catalogentry></resource></relation><relation><resource><identifier>42309584_4#dsc 540 12 week week 6 6.3 mid-term Project.html</identifier><catalogentry><catalog>artifact_type</catalog><entry><langstring>html</langstring></entry><extension><type/></extension></catalogentry></resource></relation><relation><resource><identifier>42309574_4#dsc 540 12 week week 6 intro.html</identifier><catalogentry><catalog>artifact_type</catalog><entry><langstring>html</langstring></entry><extension><type/></extension></catalogentry></resource></relation><relation><resource><identifier>42309575_4#dsc 540 12 week week 6 supplemental readings.html</identifier><catalogentry><catalog>artifact_type</catalog><entry><langstring>html</langstring></entry><extension><type/></extension></catalogentry></resource></relation><relation><resource><identifier>42309576_4#dsc 540 12 week week 6 tasks.html</identifier><catalogentry><catalog>artifact_type</catalog><entry><langstring>html</langstring></entry><extension><type/></extension></catalogentry></resource></relation><relation><resource><identifier>42243714_4#Week 7</identifier><catalogentry><catalog>versioning_allfiles_or_allfilesrecursive</catalog><entry><langstring>allFilesInFolderAndSubfolders</langstring></entry><extension><type/></extension></catalogentry><catalogentry><catalog>tracking_allfiles_or_allfilesrecursive</catalog><entry><langstring>allFilesInFolderAndSubfolders</langstring></entry><extension><type/></extension></catalogentry></resource></relation><relation><resource><identifier>42348736_4#dsc 540 12 week week 7 7.1 discussion.html</identifier><catalogentry><catalog>artifact_type</catalog><entry><langstring>html</langstring></entry><extension><type/></extension></catalogentry></resource></relation><relation><resource><identifier>42348737_4#dsc 540 12 week week 7 7.1 exercise.html</identifier><catalogentry><catalog>artifact_type</catalog><entry><langstring>html</langstring></entry><extension><type/></extension></catalogentry></resource></relation><relation><resource><identifier>42348738_4#dsc 540 12 week week 7 intro.html</identifier><catalogentry><catalog>artifact_type</catalog><entry><langstring>html</langstring></entry><extension><type/></extension></catalogentry></resource></relation><relation><resource><identifier>42348739_4#dsc 540 12 week week 7 supplemental readings.html</identifier><catalogentry><catalog>artifact_type</catalog><entry><langstring>html</langstring></entry><extension><type/></extension></catalogentry></resource></relation><relation><resource><identifier>42348740_4#dsc 540 12 week week 7 tasks.html</identifier><catalogentry><catalog>artifact_type</catalog><entry><langstring>html</langstring></entry><extension><type/></extension></catalogentry></resource></relation><relation><resource><identifier>42243721_4#Week 8</identifier><catalogentry><catalog>versioning_allfiles_or_allfilesrecursive</catalog><entry><langstring>allFilesInFolderAndSubfolders</langstring></entry><extension><type/></extension></catalogentry><catalogentry><catalog>tracking_allfiles_or_allfilesrecursive</catalog><entry><langstring>allFilesInFolderAndSubfolders</langstring></entry><extension><type/></extension></catalogentry></resource></relation><relation><resource><identifier>42339087_4#dsc 540 12 week week 8 8.1 discussion.html</identifier><catalogentry><catalog>artifact_type</catalog><entry><langstring>html</langstring></entry><extension><type/></extension></catalogentry></resource></relation><relation><resource><identifier>42339088_4#dsc 540 12 week week 8 8.1 exercise.html</identifier><catalogentry><catalog>artifact_type</catalog><entry><langstring>html</langstring></entry><extension><type/></extension></catalogentry></resource></relation><relation><resource><identifier>42339090_4#dsc 540 12 week week 8 intro.html</identifier><catalogentry><catalog>artifact_type</catalog><entry><langstring>html</langstring></entry><extension><type/></extension></catalogentry></resource></relation><relation><resource><identifier>42339091_4#dsc 540 12 week week 8 supplemental readings.html</identifier><catalogentry><catalog>artifact_type</catalog><entry><langstring>html</langstring></entry><extension><type/></extension></catalogentry></resource></relation><relation><resource><identifier>42339092_4#dsc 540 12 week week 8 tasks.html</identifier><catalogentry><catalog>artifact_type</catalog><entry><langstring>html</langstring></entry><extension><type/></extension></catalogentry></resource></relation><relation><resource><identifier>42243728_4#Week 9</identifier><catalogentry><catalog>versioning_allfiles_or_allfilesrecursive</catalog><entry><langstring>allFilesInFolderAndSubfolders</langstring></entry><extension><type/></extension></catalogentry><catalogentry><catalog>tracking_allfiles_or_allfilesrecursive</catalog><entry><langstring>allFilesInFolderAndSubfolders</langstring></entry><extension><type/></extension></catalogentry></resource></relation><relation><resource><identifier>42348761_4#dsc 540 12 week week 9 9.1 discussion.html</identifier><catalogentry><catalog>artifact_type</catalog><entry><langstring>html</langstring></entry><extension><type/></extension></catalogentry></resource></relation><relation><resource><identifier>42348762_4#dsc 540 12 week week 9 9.1 exercise.html</identifier><catalogentry><catalog>artifact_type</catalog><entry><langstring>html</langstring></entry><extension><type/></extension></catalogentry></resource></relation><relation><resource><identifier>42348763_4#dsc 540 12 week week 9 intro.html</identifier><catalogentry><catalog>artifact_type</catalog><entry><langstring>html</langstring></entry><extension><type/></extension></catalogentry></resource></relation><relation><resource><identifier>42348764_4#dsc 540 12 week week 9 supplemental readings.html</identifier><catalogentry><catalog>artifact_type</catalog><entry><langstring>html</langstring></entry><extension><type/></extension></catalogentry></resource></relation><relation><resource><identifier>42348765_4#dsc 540 12 week week 9 tasks.html</identifier><catalogentry><catalog>artifact_type</catalog><entry><langstring>html</langstring></entry><extension><type/></extension></catalogentry></resource></relation></lom>
