<?xml version="1.0" encoding="UTF-8"?>
<lom xmlns="http://www.imsglobal.org/xsd/imsmd_rootv1p2p1" xmlns:xsi="http://www.w3.org/2001/XMLSchema-instance" xsi:schemaLocation="http://www.imsglobal.org/xsd/imsmd_rootv1p2p1 imsmd_rootv1p2p1.xsd"><relation><resource><identifier>44142055_4#650</identifier><catalogentry><catalog>versioning_allfiles_or_allfilesrecursive</catalog><entry><langstring>allFilesInFolderAndSubfolders</langstring></entry><extension><type/></extension></catalogentry><catalogentry><catalog>tracking_allfiles_or_allfilesrecursive</catalog><entry><langstring>allFilesInFolderAndSubfolders</langstring></entry><extension><type/></extension></catalogentry></resource></relation><relation><resource><identifier>46917524_4#Old Syllabi</identifier><catalogentry><catalog>versioning_allfiles_or_allfilesrecursive</catalog><entry><langstring>allFilesInFolderAndSubfolders</langstring></entry><extension><type/></extension></catalogentry><catalogentry><catalog>tracking_allfiles_or_allfilesrecursive</catalog><entry><langstring>allFilesInFolderAndSubfolders</langstring></entry><extension><type/></extension></catalogentry></resource></relation><relation><resource><identifier>44142056_4#week 1</identifier><catalogentry><catalog>versioning_allfiles_or_allfilesrecursive</catalog><entry><langstring>allFilesInFolderOnly</langstring></entry><extension><type/></extension></catalogentry><catalogentry><catalog>tracking_allfiles_or_allfilesrecursive</catalog><entry><langstring>allFilesInFolderOnly</langstring></entry><extension><type/></extension></catalogentry></resource></relation><relation><resource><identifier>44142090_4#dsc 650 12 week week 1 programming exercise.html</identifier><catalogentry><catalog>artifact_type</catalog><entry><langstring>html</langstring></entry><extension><type/></extension></catalogentry></resource></relation><relation><resource><identifier>44142089_4#dsc 650 12 week week 1 supplemental readings.html</identifier><catalogentry><catalog>artifact_type</catalog><entry><langstring>html</langstring></entry><extension><type/></extension></catalogentry></resource></relation><relation><resource><identifier>44239312_4#dsc 650 week 1 quiz.html</identifier><catalogentry><catalog>artifact_type</catalog><entry><langstring>html</langstring></entry><extension><type/></extension></catalogentry></resource></relation><relation><resource><identifier>44142091_4#dsc 650-12 1.1 db.html</identifier><catalogentry><catalog>artifact_type</catalog><entry><langstring>html</langstring></entry><extension><type/></extension></catalogentry></resource></relation><relation><resource><identifier>44142092_4#dsc 650-12 course intro discussion.html</identifier><catalogentry><catalog>artifact_type</catalog><entry><langstring>html</langstring></entry><extension><type/></extension></catalogentry></resource></relation><relation><resource><identifier>44142093_4#dsc 650-12 week 1 intro.html</identifier><catalogentry><catalog>artifact_type</catalog><entry><langstring>html</langstring></entry><extension><type/></extension></catalogentry></resource></relation><relation><resource><identifier>44142094_4#dsc 650-12 week 1 readings.html</identifier><catalogentry><catalog>artifact_type</catalog><entry><langstring>html</langstring></entry><extension><type/></extension></catalogentry></resource></relation><relation><resource><identifier>44142066_4#week 10</identifier><catalogentry><catalog>versioning_allfiles_or_allfilesrecursive</catalog><entry><langstring>allFilesInFolderOnly</langstring></entry><extension><type/></extension></catalogentry><catalogentry><catalog>tracking_allfiles_or_allfilesrecursive</catalog><entry><langstring>allFilesInFolderOnly</langstring></entry><extension><type/></extension></catalogentry></resource></relation><relation><resource><identifier>45514697_4#dsc 650 12 week week 10 programming exercise.html</identifier><catalogentry><catalog>artifact_type</catalog><entry><langstring>html</langstring></entry><extension><type/></extension></catalogentry></resource></relation><relation><resource><identifier>45514698_4#dsc 650 12 week week 10 supplemental readings.html</identifier><catalogentry><catalog>artifact_type</catalog><entry><langstring>html</langstring></entry><extension><type/></extension></catalogentry></resource></relation><relation><resource><identifier>45514699_4#dsc 650-12 10.1 db.html</identifier><catalogentry><catalog>artifact_type</catalog><entry><langstring>html</langstring></entry><extension><type/></extension></catalogentry></resource></relation><relation><resource><identifier>45514700_4#dsc 650-12 week 10 intro.html</identifier><catalogentry><catalog>artifact_type</catalog><entry><langstring>html</langstring></entry><extension><type/></extension></catalogentry></resource></relation><relation><resource><identifier>45514901_4#dsc 650-12 week 10 readings.html</identifier><catalogentry><catalog>artifact_type</catalog><entry><langstring>html</langstring></entry><extension><type/></extension></catalogentry></resource></relation><relation><resource><identifier>44142067_4#week 11</identifier><catalogentry><catalog>versioning_allfiles_or_allfilesrecursive</catalog><entry><langstring>allFilesInFolderOnly</langstring></entry><extension><type/></extension></catalogentry><catalogentry><catalog>tracking_allfiles_or_allfilesrecursive</catalog><entry><langstring>allFilesInFolderOnly</langstring></entry><extension><type/></extension></catalogentry></resource></relation><relation><resource><identifier>45041929_4#dsc 650 12 week week 11 programming exercise.html</identifier><catalogentry><catalog>artifact_type</catalog><entry><langstring>html</langstring></entry><extension><type/></extension></catalogentry></resource></relation><relation><resource><identifier>45041930_4#dsc 650 12 week week 11 supplemental readings.html</identifier><catalogentry><catalog>artifact_type</catalog><entry><langstring>html</langstring></entry><extension><type/></extension></catalogentry></resource></relation><relation><resource><identifier>45041924_4#dsc 650-12 11.1 db.html</identifier><catalogentry><catalog>artifact_type</catalog><entry><langstring>html</langstring></entry><extension><type/></extension></catalogentry></resource></relation><relation><resource><identifier>45041931_4#dsc 650-12 week 11 intro.html</identifier><catalogentry><catalog>artifact_type</catalog><entry><langstring>html</langstring></entry><extension><type/></extension></catalogentry></resource></relation><relation><resource><identifier>45041932_4#dsc 650-12 week 11 readings.html</identifier><catalogentry><catalog>artifact_type</catalog><entry><langstring>html</langstring></entry><extension><type/></extension></catalogentry></resource></relation><relation><resource><identifier>44142068_4#week 12</identifier><catalogentry><catalog>versioning_allfiles_or_allfilesrecursive</catalog><entry><langstring>allFilesInFolderOnly</langstring></entry><extension><type/></extension></catalogentry><catalogentry><catalog>tracking_allfiles_or_allfilesrecursive</catalog><entry><langstring>allFilesInFolderOnly</langstring></entry><extension><type/></extension></catalogentry></resource></relation><relation><resource><identifier>45080610_4#dsc 650 12 week week 12 supplemental readings.html</identifier><catalogentry><catalog>artifact_type</catalog><entry><langstring>html</langstring></entry><extension><type/></extension></catalogentry></resource></relation><relation><resource><identifier>45080604_4#dsc 650-12 12.1 db.html</identifier><catalogentry><catalog>artifact_type</catalog><entry><langstring>html</langstring></entry><extension><type/></extension></catalogentry></resource></relation><relation><resource><identifier>45080611_4#dsc 650-12 week 12 intro.html</identifier><catalogentry><catalog>artifact_type</catalog><entry><langstring>html</langstring></entry><extension><type/></extension></catalogentry></resource></relation><relation><resource><identifier>45080612_4#dsc 650-12 week 12 readings.html</identifier><catalogentry><catalog>artifact_type</catalog><entry><langstring>html</langstring></entry><extension><type/></extension></catalogentry></resource></relation><relation><resource><identifier>44142057_4#week 2</identifier><catalogentry><catalog>versioning_allfiles_or_allfilesrecursive</catalog><entry><langstring>allFilesInFolderOnly</langstring></entry><extension><type/></extension></catalogentry><catalogentry><catalog>tracking_allfiles_or_allfilesrecursive</catalog><entry><langstring>allFilesInFolderOnly</langstring></entry><extension><type/></extension></catalogentry></resource></relation><relation><resource><identifier>44861898_4#2.2 programming exercise.html</identifier><catalogentry><catalog>artifact_type</catalog><entry><langstring>html</langstring></entry><extension><type/></extension></catalogentry></resource></relation><relation><resource><identifier>44861882_4#dsc 650 12 week week 1 programming exercise.html</identifier><catalogentry><catalog>artifact_type</catalog><entry><langstring>html</langstring></entry><extension><type/></extension></catalogentry></resource></relation><relation><resource><identifier>44861883_4#dsc 650 12 week week 2 supplemental readings.html</identifier><catalogentry><catalog>artifact_type</catalog><entry><langstring>html</langstring></entry><extension><type/></extension></catalogentry></resource></relation><relation><resource><identifier>44861884_4#dsc 650-12 2.1 db.html</identifier><catalogentry><catalog>artifact_type</catalog><entry><langstring>html</langstring></entry><extension><type/></extension></catalogentry></resource></relation><relation><resource><identifier>44861885_4#dsc 650-12 course intro discussion.html</identifier><catalogentry><catalog>artifact_type</catalog><entry><langstring>html</langstring></entry><extension><type/></extension></catalogentry></resource></relation><relation><resource><identifier>44861886_4#dsc 650-12 week 2 intro.html</identifier><catalogentry><catalog>artifact_type</catalog><entry><langstring>html</langstring></entry><extension><type/></extension></catalogentry></resource></relation><relation><resource><identifier>44861887_4#dsc 650-12 week 2 readings.html</identifier><catalogentry><catalog>artifact_type</catalog><entry><langstring>html</langstring></entry><extension><type/></extension></catalogentry></resource></relation><relation><resource><identifier>44142058_4#week 3</identifier><catalogentry><catalog>versioning_allfiles_or_allfilesrecursive</catalog><entry><langstring>allFilesInFolderOnly</langstring></entry><extension><type/></extension></catalogentry><catalogentry><catalog>tracking_allfiles_or_allfilesrecursive</catalog><entry><langstring>allFilesInFolderOnly</langstring></entry><extension><type/></extension></catalogentry></resource></relation><relation><resource><identifier>44239357_4#dsc 650 12 week week 3 supplemental readings.html</identifier><catalogentry><catalog>artifact_type</catalog><entry><langstring>html</langstring></entry><extension><type/></extension></catalogentry></resource></relation><relation><resource><identifier>44239358_4#dsc 650 week 3 quiz.html</identifier><catalogentry><catalog>artifact_type</catalog><entry><langstring>html</langstring></entry><extension><type/></extension></catalogentry></resource></relation><relation><resource><identifier>44239359_4#dsc 650-12 3.1 db.html</identifier><catalogentry><catalog>artifact_type</catalog><entry><langstring>html</langstring></entry><extension><type/></extension></catalogentry></resource></relation><relation><resource><identifier>44239360_4#dsc 650-12 week 3 intro.html</identifier><catalogentry><catalog>artifact_type</catalog><entry><langstring>html</langstring></entry><extension><type/></extension></catalogentry></resource></relation><relation><resource><identifier>44239361_4#dsc 650-12 week 3 readings.html</identifier><catalogentry><catalog>artifact_type</catalog><entry><langstring>html</langstring></entry><extension><type/></extension></catalogentry></resource></relation><relation><resource><identifier>44142059_4#week 4</identifier><catalogentry><catalog>versioning_allfiles_or_allfilesrecursive</catalog><entry><langstring>allFilesInFolderOnly</langstring></entry><extension><type/></extension></catalogentry><catalogentry><catalog>tracking_allfiles_or_allfilesrecursive</catalog><entry><langstring>allFilesInFolderOnly</langstring></entry><extension><type/></extension></catalogentry></resource></relation><relation><resource><identifier>45022824_4#dsc 650 12 week week 4 programming exercise.html</identifier><catalogentry><catalog>artifact_type</catalog><entry><langstring>html</langstring></entry><extension><type/></extension></catalogentry></resource></relation><relation><resource><identifier>45022817_4#dsc 650 12 week week 4 supplemental readings.html</identifier><catalogentry><catalog>artifact_type</catalog><entry><langstring>html</langstring></entry><extension><type/></extension></catalogentry></resource></relation><relation><resource><identifier>45022818_4#dsc 650-12 4.1 db.html</identifier><catalogentry><catalog>artifact_type</catalog><entry><langstring>html</langstring></entry><extension><type/></extension></catalogentry></resource></relation><relation><resource><identifier>45022819_4#dsc 650-12 week 4 intro.html</identifier><catalogentry><catalog>artifact_type</catalog><entry><langstring>html</langstring></entry><extension><type/></extension></catalogentry></resource></relation><relation><resource><identifier>45022820_4#dsc 650-12 week 4 readings.html</identifier><catalogentry><catalog>artifact_type</catalog><entry><langstring>html</langstring></entry><extension><type/></extension></catalogentry></resource></relation><relation><resource><identifier>44142060_4#week 5</identifier><catalogentry><catalog>versioning_allfiles_or_allfilesrecursive</catalog><entry><langstring>allFilesInFolderOnly</langstring></entry><extension><type/></extension></catalogentry><catalogentry><catalog>tracking_allfiles_or_allfilesrecursive</catalog><entry><langstring>allFilesInFolderOnly</langstring></entry><extension><type/></extension></catalogentry></resource></relation><relation><resource><identifier>45023972_4#dsc 650 12 week week 5 programming exercise.html</identifier><catalogentry><catalog>artifact_type</catalog><entry><langstring>html</langstring></entry><extension><type/></extension></catalogentry></resource></relation><relation><resource><identifier>45023973_4#dsc 650 12 week week 5 supplemental readings.html</identifier><catalogentry><catalog>artifact_type</catalog><entry><langstring>html</langstring></entry><extension><type/></extension></catalogentry></resource></relation><relation><resource><identifier>45023974_4#dsc 650-12 5.1 db.html</identifier><catalogentry><catalog>artifact_type</catalog><entry><langstring>html</langstring></entry><extension><type/></extension></catalogentry></resource></relation><relation><resource><identifier>45023975_4#dsc 650-12 week 5 intro.html</identifier><catalogentry><catalog>artifact_type</catalog><entry><langstring>html</langstring></entry><extension><type/></extension></catalogentry></resource></relation><relation><resource><identifier>45023976_4#dsc 650-12 week 5 readings.html</identifier><catalogentry><catalog>artifact_type</catalog><entry><langstring>html</langstring></entry><extension><type/></extension></catalogentry></resource></relation><relation><resource><identifier>44142061_4#week 6</identifier><catalogentry><catalog>versioning_allfiles_or_allfilesrecursive</catalog><entry><langstring>allFilesInFolderOnly</langstring></entry><extension><type/></extension></catalogentry><catalogentry><catalog>tracking_allfiles_or_allfilesrecursive</catalog><entry><langstring>allFilesInFolderOnly</langstring></entry><extension><type/></extension></catalogentry></resource></relation><relation><resource><identifier>44582379_4#dsc 650 week 6 quiz.html</identifier><catalogentry><catalog>artifact_type</catalog><entry><langstring>html</langstring></entry><extension><type/></extension></catalogentry></resource></relation><relation><resource><identifier>44582380_4#dsc 650-12 6.1 db.html</identifier><catalogentry><catalog>artifact_type</catalog><entry><langstring>html</langstring></entry><extension><type/></extension></catalogentry></resource></relation><relation><resource><identifier>44582381_4#dsc 650-12 week 6 intro.html</identifier><catalogentry><catalog>artifact_type</catalog><entry><langstring>html</langstring></entry><extension><type/></extension></catalogentry></resource></relation><relation><resource><identifier>44582382_4#dsc 650-12 week 6 readings.html</identifier><catalogentry><catalog>artifact_type</catalog><entry><langstring>html</langstring></entry><extension><type/></extension></catalogentry></resource></relation><relation><resource><identifier>44142062_4#week 7</identifier><catalogentry><catalog>versioning_allfiles_or_allfilesrecursive</catalog><entry><langstring>allFilesInFolderOnly</langstring></entry><extension><type/></extension></catalogentry><catalogentry><catalog>tracking_allfiles_or_allfilesrecursive</catalog><entry><langstring>allFilesInFolderOnly</langstring></entry><extension><type/></extension></catalogentry></resource></relation><relation><resource><identifier>44618453_4#dsc 650 12 week week 7 supplemental readings.html</identifier><catalogentry><catalog>artifact_type</catalog><entry><langstring>html</langstring></entry><extension><type/></extension></catalogentry></resource></relation><relation><resource><identifier>44618454_4#dsc 650 week 7 quiz.html</identifier><catalogentry><catalog>artifact_type</catalog><entry><langstring>html</langstring></entry><extension><type/></extension></catalogentry></resource></relation><relation><resource><identifier>44618455_4#dsc 650-12 7.1 db.html</identifier><catalogentry><catalog>artifact_type</catalog><entry><langstring>html</langstring></entry><extension><type/></extension></catalogentry></resource></relation><relation><resource><identifier>44618456_4#dsc 650-12 week 7 intro.html</identifier><catalogentry><catalog>artifact_type</catalog><entry><langstring>html</langstring></entry><extension><type/></extension></catalogentry></resource></relation><relation><resource><identifier>44618457_4#dsc 650-12 week 7 readings.html</identifier><catalogentry><catalog>artifact_type</catalog><entry><langstring>html</langstring></entry><extension><type/></extension></catalogentry></resource></relation><relation><resource><identifier>44142063_4#week 8</identifier><catalogentry><catalog>versioning_allfiles_or_allfilesrecursive</catalog><entry><langstring>allFilesInFolderOnly</langstring></entry><extension><type/></extension></catalogentry><catalogentry><catalog>tracking_allfiles_or_allfilesrecursive</catalog><entry><langstring>allFilesInFolderOnly</langstring></entry><extension><type/></extension></catalogentry></resource></relation><relation><resource><identifier>45514690_4#dsc 650 12 week week 8 programming exercise.html</identifier><catalogentry><catalog>artifact_type</catalog><entry><langstring>html</langstring></entry><extension><type/></extension></catalogentry></resource></relation><relation><resource><identifier>45514691_4#dsc 650 12 week week 8 supplemental readings.html</identifier><catalogentry><catalog>artifact_type</catalog><entry><langstring>html</langstring></entry><extension><type/></extension></catalogentry></resource></relation><relation><resource><identifier>45514692_4#dsc 650-12 8.1 db.html</identifier><catalogentry><catalog>artifact_type</catalog><entry><langstring>html</langstring></entry><extension><type/></extension></catalogentry></resource></relation><relation><resource><identifier>45514693_4#dsc 650-12 week 8 intro.html</identifier><catalogentry><catalog>artifact_type</catalog><entry><langstring>html</langstring></entry><extension><type/></extension></catalogentry></resource></relation><relation><resource><identifier>45514694_4#dsc 650-12 week 8 readings.html</identifier><catalogentry><catalog>artifact_type</catalog><entry><langstring>html</langstring></entry><extension><type/></extension></catalogentry></resource></relation><relation><resource><identifier>44142064_4#week 9</identifier><catalogentry><catalog>versioning_allfiles_or_allfilesrecursive</catalog><entry><langstring>allFilesInFolderOnly</langstring></entry><extension><type/></extension></catalogentry><catalogentry><catalog>tracking_allfiles_or_allfilesrecursive</catalog><entry><langstring>allFilesInFolderOnly</langstring></entry><extension><type/></extension></catalogentry></resource></relation><relation><resource><identifier>44624054_4#dsc 650 12 week week 9 supplemental readings.html</identifier><catalogentry><catalog>artifact_type</catalog><entry><langstring>html</langstring></entry><extension><type/></extension></catalogentry></resource></relation><relation><resource><identifier>44624055_4#dsc 650 week 9 quiz.html</identifier><catalogentry><catalog>artifact_type</catalog><entry><langstring>html</langstring></entry><extension><type/></extension></catalogentry></resource></relation><relation><resource><identifier>44624056_4#dsc 650-12 9.1 db.html</identifier><catalogentry><catalog>artifact_type</catalog><entry><langstring>html</langstring></entry><extension><type/></extension></catalogentry></resource></relation><relation><resource><identifier>44624057_4#dsc 650-12 week 9 intro.html</identifier><catalogentry><catalog>artifact_type</catalog><entry><langstring>html</langstring></entry><extension><type/></extension></catalogentry></resource></relation><relation><resource><identifier>44624058_4#dsc 650-12 week 9 readings.html</identifier><catalogentry><catalog>artifact_type</catalog><entry><langstring>html</langstring></entry><extension><type/></extension></catalogentry></resource></relation></lom>
