<?xml version="1.0" encoding="UTF-8"?>
<lom xmlns="http://www.imsglobal.org/xsd/imsmd_rootv1p2p1" xmlns:xsi="http://www.w3.org/2001/XMLSchema-instance" xsi:schemaLocation="http://www.imsglobal.org/xsd/imsmd_rootv1p2p1 imsmd_rootv1p2p1.xsd"><relation><resource><identifier>46970439_4#680</identifier><catalogentry><catalog>versioning_allfiles_or_allfilesrecursive</catalog><entry><langstring>allFilesInFolderAndSubfolders</langstring></entry><extension><type/></extension></catalogentry><catalogentry><catalog>tracking_allfiles_or_allfilesrecursive</catalog><entry><langstring>allFilesInFolderAndSubfolders</langstring></entry><extension><type/></extension></catalogentry></resource></relation><relation><resource><identifier>47083501_4#dsc 680-12 week 9 intro.html</identifier><catalogentry><catalog>artifact_type</catalog><entry><langstring>html</langstring></entry><extension><type/></extension></catalogentry></resource></relation><relation><resource><identifier>46970443_4#week 1</identifier><catalogentry><catalog>versioning_allfiles_or_allfilesrecursive</catalog><entry><langstring>allFilesInFolderAndSubfolders</langstring></entry><extension><type/></extension></catalogentry><catalogentry><catalog>tracking_allfiles_or_allfilesrecursive</catalog><entry><langstring>allFilesInFolderAndSubfolders</langstring></entry><extension><type/></extension></catalogentry></resource></relation><relation><resource><identifier>46970447_4#dsc 640 12 week course project info.html</identifier><catalogentry><catalog>artifact_type</catalog><entry><langstring>html</langstring></entry><extension><type/></extension></catalogentry></resource></relation><relation><resource><identifier>46970452_4#dsc 640-12 1.1 db.html</identifier><catalogentry><catalog>artifact_type</catalog><entry><langstring>html</langstring></entry><extension><type/></extension></catalogentry></resource></relation><relation><resource><identifier>46970445_4#dsc 680 12 week 1 readings.html</identifier><catalogentry><catalog>artifact_type</catalog><entry><langstring>html</langstring></entry><extension><type/></extension></catalogentry></resource></relation><relation><resource><identifier>46970446_4#dsc 680 12 week week 1 blogs to follow.html</identifier><catalogentry><catalog>artifact_type</catalog><entry><langstring>html</langstring></entry><extension><type/></extension></catalogentry></resource></relation><relation><resource><identifier>46970444_4#dsc 680 12 week week 1 Milestone 1.html</identifier><catalogentry><catalog>artifact_type</catalog><entry><langstring>html</langstring></entry><extension><type/></extension></catalogentry></resource></relation><relation><resource><identifier>46970451_4#dsc 680 12 week week 1 supplemental readings.html</identifier><catalogentry><catalog>artifact_type</catalog><entry><langstring>html</langstring></entry><extension><type/></extension></catalogentry></resource></relation><relation><resource><identifier>46970450_4#dsc 680 12 week week 1videos.html</identifier><catalogentry><catalog>artifact_type</catalog><entry><langstring>html</langstring></entry><extension><type/></extension></catalogentry></resource></relation><relation><resource><identifier>46970448_4#dsc 680-12 course intro discussion.html</identifier><catalogentry><catalog>artifact_type</catalog><entry><langstring>html</langstring></entry><extension><type/></extension></catalogentry></resource></relation><relation><resource><identifier>46970449_4#dsc 680-12 week 1 intro.html</identifier><catalogentry><catalog>artifact_type</catalog><entry><langstring>html</langstring></entry><extension><type/></extension></catalogentry></resource></relation><relation><resource><identifier>47080631_4#week 10</identifier><catalogentry><catalog>versioning_allfiles_or_allfilesrecursive</catalog><entry><langstring>allFilesInFolderOnly</langstring></entry><extension><type/></extension></catalogentry><catalogentry><catalog>tracking_allfiles_or_allfilesrecursive</catalog><entry><langstring>allFilesInFolderOnly</langstring></entry><extension><type/></extension></catalogentry></resource></relation><relation><resource><identifier>47086034_4#dsc 680 12 week 10 readings.html</identifier><catalogentry><catalog>artifact_type</catalog><entry><langstring>html</langstring></entry><extension><type/></extension></catalogentry></resource></relation><relation><resource><identifier>47086035_4#dsc 680 12 week week 10 project Milestone 2.html</identifier><catalogentry><catalog>artifact_type</catalog><entry><langstring>html</langstring></entry><extension><type/></extension></catalogentry></resource></relation><relation><resource><identifier>47086036_4#dsc 680-12 10.1 peer review 3.html</identifier><catalogentry><catalog>artifact_type</catalog><entry><langstring>html</langstring></entry><extension><type/></extension></catalogentry></resource></relation><relation><resource><identifier>47086037_4#dsc 680-12 week 10 intro.html</identifier><catalogentry><catalog>artifact_type</catalog><entry><langstring>html</langstring></entry><extension><type/></extension></catalogentry></resource></relation><relation><resource><identifier>47080632_4#week 11</identifier><catalogentry><catalog>versioning_allfiles_or_allfilesrecursive</catalog><entry><langstring>allFilesInFolderOnly</langstring></entry><extension><type/></extension></catalogentry><catalogentry><catalog>tracking_allfiles_or_allfilesrecursive</catalog><entry><langstring>allFilesInFolderOnly</langstring></entry><extension><type/></extension></catalogentry></resource></relation><relation><resource><identifier>47086062_4#dsc 680 12 week 11 readings.html</identifier><catalogentry><catalog>artifact_type</catalog><entry><langstring>html</langstring></entry><extension><type/></extension></catalogentry></resource></relation><relation><resource><identifier>47086063_4#dsc 680 12 week week 11 Milestone 3.html</identifier><catalogentry><catalog>artifact_type</catalog><entry><langstring>html</langstring></entry><extension><type/></extension></catalogentry></resource></relation><relation><resource><identifier>47086060_4#dsc 680-12 11.1 peer review 4.html</identifier><catalogentry><catalog>artifact_type</catalog><entry><langstring>html</langstring></entry><extension><type/></extension></catalogentry></resource></relation><relation><resource><identifier>47086064_4#dsc 680-12 week 11 intro.html</identifier><catalogentry><catalog>artifact_type</catalog><entry><langstring>html</langstring></entry><extension><type/></extension></catalogentry></resource></relation><relation><resource><identifier>47080633_4#week 12</identifier><catalogentry><catalog>versioning_allfiles_or_allfilesrecursive</catalog><entry><langstring>allFilesInFolderOnly</langstring></entry><extension><type/></extension></catalogentry><catalogentry><catalog>tracking_allfiles_or_allfilesrecursive</catalog><entry><langstring>allFilesInFolderOnly</langstring></entry><extension><type/></extension></catalogentry></resource></relation><relation><resource><identifier>47086558_4#dsc 680 12 week 12 readings.html</identifier><catalogentry><catalog>artifact_type</catalog><entry><langstring>html</langstring></entry><extension><type/></extension></catalogentry></resource></relation><relation><resource><identifier>47086549_4#dsc 680-12 12.1 project milestone 4 .html</identifier><catalogentry><catalog>artifact_type</catalog><entry><langstring>html</langstring></entry><extension><type/></extension></catalogentry></resource></relation><relation><resource><identifier>47086915_4#dsc 680-12 12.2 final portfolio submission.html</identifier><catalogentry><catalog>artifact_type</catalog><entry><langstring>html</langstring></entry><extension><type/></extension></catalogentry></resource></relation><relation><resource><identifier>47086550_4#dsc 680-12 week 12 intro.html</identifier><catalogentry><catalog>artifact_type</catalog><entry><langstring>html</langstring></entry><extension><type/></extension></catalogentry></resource></relation><relation><resource><identifier>47079469_4#week 2</identifier><catalogentry><catalog>versioning_allfiles_or_allfilesrecursive</catalog><entry><langstring>allFilesInFolderOnly</langstring></entry><extension><type/></extension></catalogentry><catalogentry><catalog>tracking_allfiles_or_allfilesrecursive</catalog><entry><langstring>allFilesInFolderOnly</langstring></entry><extension><type/></extension></catalogentry></resource></relation><relation><resource><identifier>47079478_4#dsc 680 12 week 2 readings.html</identifier><catalogentry><catalog>artifact_type</catalog><entry><langstring>html</langstring></entry><extension><type/></extension></catalogentry></resource></relation><relation><resource><identifier>47079479_4#dsc 680 12 week week 2 project Milestone 2.html</identifier><catalogentry><catalog>artifact_type</catalog><entry><langstring>html</langstring></entry><extension><type/></extension></catalogentry></resource></relation><relation><resource><identifier>47079485_4#dsc 680-12 2.1 portfolio milestone 1.html</identifier><catalogentry><catalog>artifact_type</catalog><entry><langstring>html</langstring></entry><extension><type/></extension></catalogentry></resource></relation><relation><resource><identifier>47079480_4#dsc 680-12 week 2 intro.html</identifier><catalogentry><catalog>artifact_type</catalog><entry><langstring>html</langstring></entry><extension><type/></extension></catalogentry></resource></relation><relation><resource><identifier>47080619_4#week 3</identifier><catalogentry><catalog>versioning_allfiles_or_allfilesrecursive</catalog><entry><langstring>allFilesInFolderOnly</langstring></entry><extension><type/></extension></catalogentry><catalogentry><catalog>tracking_allfiles_or_allfilesrecursive</catalog><entry><langstring>allFilesInFolderOnly</langstring></entry><extension><type/></extension></catalogentry></resource></relation><relation><resource><identifier>47080635_4#dsc 680 12 week 3 readings.html</identifier><catalogentry><catalog>artifact_type</catalog><entry><langstring>html</langstring></entry><extension><type/></extension></catalogentry></resource></relation><relation><resource><identifier>47080642_4#dsc 680 12 week week 3 Milestone 3.html</identifier><catalogentry><catalog>artifact_type</catalog><entry><langstring>html</langstring></entry><extension><type/></extension></catalogentry></resource></relation><relation><resource><identifier>47080643_4#dsc 680 12 week week 3 supplemental readings.html</identifier><catalogentry><catalog>artifact_type</catalog><entry><langstring>html</langstring></entry><extension><type/></extension></catalogentry></resource></relation><relation><resource><identifier>47080636_4#dsc 680-12 3.1 peer review 1.html</identifier><catalogentry><catalog>artifact_type</catalog><entry><langstring>html</langstring></entry><extension><type/></extension></catalogentry></resource></relation><relation><resource><identifier>47080637_4#dsc 680-12 week 3 intro.html</identifier><catalogentry><catalog>artifact_type</catalog><entry><langstring>html</langstring></entry><extension><type/></extension></catalogentry></resource></relation><relation><resource><identifier>47080621_4#week 4</identifier><catalogentry><catalog>versioning_allfiles_or_allfilesrecursive</catalog><entry><langstring>allFilesInFolderOnly</langstring></entry><extension><type/></extension></catalogentry><catalogentry><catalog>tracking_allfiles_or_allfilesrecursive</catalog><entry><langstring>allFilesInFolderOnly</langstring></entry><extension><type/></extension></catalogentry></resource></relation><relation><resource><identifier>47082172_4#dsc 680-12 4.1 project milestone 4 1.html</identifier><catalogentry><catalog>artifact_type</catalog><entry><langstring>html</langstring></entry><extension><type/></extension></catalogentry></resource></relation><relation><resource><identifier>47082173_4#dsc 680-12 week 4 intro.html</identifier><catalogentry><catalog>artifact_type</catalog><entry><langstring>html</langstring></entry><extension><type/></extension></catalogentry></resource></relation><relation><resource><identifier>47080622_4#week 5</identifier><catalogentry><catalog>versioning_allfiles_or_allfilesrecursive</catalog><entry><langstring>allFilesInFolderOnly</langstring></entry><extension><type/></extension></catalogentry><catalogentry><catalog>tracking_allfiles_or_allfilesrecursive</catalog><entry><langstring>allFilesInFolderOnly</langstring></entry><extension><type/></extension></catalogentry></resource></relation><relation><resource><identifier>47082699_4#dsc 680 12 week 5 readings.html</identifier><catalogentry><catalog>artifact_type</catalog><entry><langstring>html</langstring></entry><extension><type/></extension></catalogentry></resource></relation><relation><resource><identifier>47082700_4#dsc 680 12 week week 5 Milestone 1.html</identifier><catalogentry><catalog>artifact_type</catalog><entry><langstring>html</langstring></entry><extension><type/></extension></catalogentry></resource></relation><relation><resource><identifier>47176615_4#dsc 680 12 week week 5 supplemental readings.html</identifier><catalogentry><catalog>artifact_type</catalog><entry><langstring>html</langstring></entry><extension><type/></extension></catalogentry></resource></relation><relation><resource><identifier>47083509_4#dsc 680-12 5.1 portfolio milestone 2.html</identifier><catalogentry><catalog>artifact_type</catalog><entry><langstring>html</langstring></entry><extension><type/></extension></catalogentry></resource></relation><relation><resource><identifier>47085752_4#dsc 680-12 week 5 intro.html</identifier><catalogentry><catalog>artifact_type</catalog><entry><langstring>html</langstring></entry><extension><type/></extension></catalogentry></resource></relation><relation><resource><identifier>47080623_4#week 6</identifier><catalogentry><catalog>versioning_allfiles_or_allfilesrecursive</catalog><entry><langstring>allFilesInFolderOnly</langstring></entry><extension><type/></extension></catalogentry><catalogentry><catalog>tracking_allfiles_or_allfilesrecursive</catalog><entry><langstring>allFilesInFolderOnly</langstring></entry><extension><type/></extension></catalogentry></resource></relation><relation><resource><identifier>47084322_4#dsc 680 12 week 6 readings.html</identifier><catalogentry><catalog>artifact_type</catalog><entry><langstring>html</langstring></entry><extension><type/></extension></catalogentry></resource></relation><relation><resource><identifier>47084323_4#dsc 680 12 week week 6 project Milestone 2.html</identifier><catalogentry><catalog>artifact_type</catalog><entry><langstring>html</langstring></entry><extension><type/></extension></catalogentry></resource></relation><relation><resource><identifier>47084325_4#dsc 680-12 6.1 peer review 2.html</identifier><catalogentry><catalog>artifact_type</catalog><entry><langstring>html</langstring></entry><extension><type/></extension></catalogentry></resource></relation><relation><resource><identifier>47084324_4#dsc 680-12 week 6 intro.html</identifier><catalogentry><catalog>artifact_type</catalog><entry><langstring>html</langstring></entry><extension><type/></extension></catalogentry></resource></relation><relation><resource><identifier>47080628_4#week 7</identifier><catalogentry><catalog>versioning_allfiles_or_allfilesrecursive</catalog><entry><langstring>allFilesInFolderOnly</langstring></entry><extension><type/></extension></catalogentry><catalogentry><catalog>tracking_allfiles_or_allfilesrecursive</catalog><entry><langstring>allFilesInFolderOnly</langstring></entry><extension><type/></extension></catalogentry></resource></relation><relation><resource><identifier>47084894_4#dsc 680 12 week 7 readings.html</identifier><catalogentry><catalog>artifact_type</catalog><entry><langstring>html</langstring></entry><extension><type/></extension></catalogentry></resource></relation><relation><resource><identifier>47084895_4#dsc 680 12 week week 7 Milestone 3.html</identifier><catalogentry><catalog>artifact_type</catalog><entry><langstring>html</langstring></entry><extension><type/></extension></catalogentry></resource></relation><relation><resource><identifier>47084896_4#dsc 680-12 week 7 intro.html</identifier><catalogentry><catalog>artifact_type</catalog><entry><langstring>html</langstring></entry><extension><type/></extension></catalogentry></resource></relation><relation><resource><identifier>47080629_4#week 8</identifier><catalogentry><catalog>versioning_allfiles_or_allfilesrecursive</catalog><entry><langstring>allFilesInFolderOnly</langstring></entry><extension><type/></extension></catalogentry><catalogentry><catalog>tracking_allfiles_or_allfilesrecursive</catalog><entry><langstring>allFilesInFolderOnly</langstring></entry><extension><type/></extension></catalogentry></resource></relation><relation><resource><identifier>47085706_4#dsc 680-12 8.1 project milestone 4 .html</identifier><catalogentry><catalog>artifact_type</catalog><entry><langstring>html</langstring></entry><extension><type/></extension></catalogentry></resource></relation><relation><resource><identifier>47085707_4#dsc 680-12 week 8 intro.html</identifier><catalogentry><catalog>artifact_type</catalog><entry><langstring>html</langstring></entry><extension><type/></extension></catalogentry></resource></relation><relation><resource><identifier>47080630_4#week 9</identifier><catalogentry><catalog>versioning_allfiles_or_allfilesrecursive</catalog><entry><langstring>allFilesInFolderOnly</langstring></entry><extension><type/></extension></catalogentry><catalogentry><catalog>tracking_allfiles_or_allfilesrecursive</catalog><entry><langstring>allFilesInFolderOnly</langstring></entry><extension><type/></extension></catalogentry></resource></relation><relation><resource><identifier>47085749_4#dsc 680 12 week 9 readings.html</identifier><catalogentry><catalog>artifact_type</catalog><entry><langstring>html</langstring></entry><extension><type/></extension></catalogentry></resource></relation><relation><resource><identifier>47085750_4#dsc 680 12 week week 9 Milestone 1.html</identifier><catalogentry><catalog>artifact_type</catalog><entry><langstring>html</langstring></entry><extension><type/></extension></catalogentry></resource></relation><relation><resource><identifier>47085751_4#dsc 680-12 9.1 portfolio milestone 3.html</identifier><catalogentry><catalog>artifact_type</catalog><entry><langstring>html</langstring></entry><extension><type/></extension></catalogentry></resource></relation><relation><resource><identifier>47085773_4#dsc 680-12 week 9 intro.html</identifier><catalogentry><catalog>artifact_type</catalog><entry><langstring>html</langstring></entry><extension><type/></extension></catalogentry></resource></relation></lom>
