<?xml version="1.0" encoding="UTF-8"?>
<lom xmlns="http://www.imsglobal.org/xsd/imsmd_rootv1p2p1" xmlns:xsi="http://www.w3.org/2001/XMLSchema-instance" xsi:schemaLocation="http://www.imsglobal.org/xsd/imsmd_rootv1p2p1 imsmd_rootv1p2p1.xsd"><relation><resource><identifier>43955460_4#630</identifier><catalogentry><catalog>versioning_allfiles_or_allfilesrecursive</catalog><entry><langstring>allFilesInFolderAndSubfolders</langstring></entry><extension><type/></extension></catalogentry><catalogentry><catalog>tracking_allfiles_or_allfilesrecursive</catalog><entry><langstring>allFilesInFolderAndSubfolders</langstring></entry><extension><type/></extension></catalogentry></resource></relation><relation><resource><identifier>44142070_4#week 1</identifier><catalogentry><catalog>versioning_allfiles_or_allfilesrecursive</catalog><entry><langstring>allFilesInFolderOnly</langstring></entry><extension><type/></extension></catalogentry><catalogentry><catalog>tracking_allfiles_or_allfilesrecursive</catalog><entry><langstring>allFilesInFolderOnly</langstring></entry><extension><type/></extension></catalogentry></resource></relation><relation><resource><identifier>44142088_4#dsc 630 12 week 1 readings.html</identifier><catalogentry><catalog>artifact_type</catalog><entry><langstring>html</langstring></entry><extension><type/></extension></catalogentry></resource></relation><relation><resource><identifier>44213463_4#dsc 630 12 week course project info.html</identifier><catalogentry><catalog>artifact_type</catalog><entry><langstring>html</langstring></entry><extension><type/></extension></catalogentry></resource></relation><relation><resource><identifier>44213454_4#dsc 630 12 week week 1 assignment.html</identifier><catalogentry><catalog>artifact_type</catalog><entry><langstring>html</langstring></entry><extension><type/></extension></catalogentry></resource></relation><relation><resource><identifier>44213458_4#dsc 630 12 week week 1 Status report.html</identifier><catalogentry><catalog>artifact_type</catalog><entry><langstring>html</langstring></entry><extension><type/></extension></catalogentry></resource></relation><relation><resource><identifier>44211214_4#dsc 630 12 week week 1 supplemental readings.html</identifier><catalogentry><catalog>artifact_type</catalog><entry><langstring>html</langstring></entry><extension><type/></extension></catalogentry></resource></relation><relation><resource><identifier>44142085_4#dsc 630-12 1.1 db.html</identifier><catalogentry><catalog>artifact_type</catalog><entry><langstring>html</langstring></entry><extension><type/></extension></catalogentry></resource></relation><relation><resource><identifier>44142086_4#dsc 630-12 course intro discussion.html</identifier><catalogentry><catalog>artifact_type</catalog><entry><langstring>html</langstring></entry><extension><type/></extension></catalogentry></resource></relation><relation><resource><identifier>44142087_4#dsc 630-12 week 1 intro.html</identifier><catalogentry><catalog>artifact_type</catalog><entry><langstring>html</langstring></entry><extension><type/></extension></catalogentry></resource></relation><relation><resource><identifier>44142080_4#week 10</identifier><catalogentry><catalog>versioning_allfiles_or_allfilesrecursive</catalog><entry><langstring>allFilesInFolderOnly</langstring></entry><extension><type/></extension></catalogentry><catalogentry><catalog>tracking_allfiles_or_allfilesrecursive</catalog><entry><langstring>allFilesInFolderOnly</langstring></entry><extension><type/></extension></catalogentry></resource></relation><relation><resource><identifier>44387308_4#dsc 630 12 week 10 readings.html</identifier><catalogentry><catalog>artifact_type</catalog><entry><langstring>html</langstring></entry><extension><type/></extension></catalogentry></resource></relation><relation><resource><identifier>44214622_4#dsc 630 12 week week 10 peer review.html</identifier><catalogentry><catalog>artifact_type</catalog><entry><langstring>html</langstring></entry><extension><type/></extension></catalogentry></resource></relation><relation><resource><identifier>44213491_4#dsc 630 12 week week 10 Status report.html</identifier><catalogentry><catalog>artifact_type</catalog><entry><langstring>html</langstring></entry><extension><type/></extension></catalogentry></resource></relation><relation><resource><identifier>44387309_4#dsc 630 12 week week 10 supp readings.html</identifier><catalogentry><catalog>artifact_type</catalog><entry><langstring>html</langstring></entry><extension><type/></extension></catalogentry></resource></relation><relation><resource><identifier>44389004_4#dsc 630-12 10.1 db.html</identifier><catalogentry><catalog>artifact_type</catalog><entry><langstring>html</langstring></entry><extension><type/></extension></catalogentry></resource></relation><relation><resource><identifier>44387313_4#dsc 630-12 week 10 intro.html</identifier><catalogentry><catalog>artifact_type</catalog><entry><langstring>html</langstring></entry><extension><type/></extension></catalogentry></resource></relation><relation><resource><identifier>44142081_4#week 11</identifier><catalogentry><catalog>versioning_allfiles_or_allfilesrecursive</catalog><entry><langstring>allFilesInFolderOnly</langstring></entry><extension><type/></extension></catalogentry><catalogentry><catalog>tracking_allfiles_or_allfilesrecursive</catalog><entry><langstring>allFilesInFolderOnly</langstring></entry><extension><type/></extension></catalogentry></resource></relation><relation><resource><identifier>44387386_4#dsc 630 12 week 11 readings.html</identifier><catalogentry><catalog>artifact_type</catalog><entry><langstring>html</langstring></entry><extension><type/></extension></catalogentry></resource></relation><relation><resource><identifier>44387387_4#dsc 630 12 week week 11 assignment.html</identifier><catalogentry><catalog>artifact_type</catalog><entry><langstring>html</langstring></entry><extension><type/></extension></catalogentry></resource></relation><relation><resource><identifier>44213492_4#dsc 630 12 week week 11 Status report.html</identifier><catalogentry><catalog>artifact_type</catalog><entry><langstring>html</langstring></entry><extension><type/></extension></catalogentry></resource></relation><relation><resource><identifier>44387389_4#dsc 630 12 week week 11 supplemental readings.html</identifier><catalogentry><catalog>artifact_type</catalog><entry><langstring>html</langstring></entry><extension><type/></extension></catalogentry></resource></relation><relation><resource><identifier>44387312_4#dsc 630-12 11.1 db.html</identifier><catalogentry><catalog>artifact_type</catalog><entry><langstring>html</langstring></entry><extension><type/></extension></catalogentry></resource></relation><relation><resource><identifier>44387390_4#dsc 630-12 week 11 intro.html</identifier><catalogentry><catalog>artifact_type</catalog><entry><langstring>html</langstring></entry><extension><type/></extension></catalogentry></resource></relation><relation><resource><identifier>44142082_4#week 12</identifier><catalogentry><catalog>versioning_allfiles_or_allfilesrecursive</catalog><entry><langstring>allFilesInFolderOnly</langstring></entry><extension><type/></extension></catalogentry><catalogentry><catalog>tracking_allfiles_or_allfilesrecursive</catalog><entry><langstring>allFilesInFolderOnly</langstring></entry><extension><type/></extension></catalogentry></resource></relation><relation><resource><identifier>44389633_4#dsc 630 12 week 12 readings.html</identifier><catalogentry><catalog>artifact_type</catalog><entry><langstring>html</langstring></entry><extension><type/></extension></catalogentry></resource></relation><relation><resource><identifier>44214623_4#dsc 630 12 week week 12 peer review.html</identifier><catalogentry><catalog>artifact_type</catalog><entry><langstring>html</langstring></entry><extension><type/></extension></catalogentry></resource></relation><relation><resource><identifier>44390001_4#dsc 630 12 week week 12 Project Milestone.html</identifier><catalogentry><catalog>artifact_type</catalog><entry><langstring>html</langstring></entry><extension><type/></extension></catalogentry></resource></relation><relation><resource><identifier>44213497_4#dsc 630 12 week week 12 Status report.html</identifier><catalogentry><catalog>artifact_type</catalog><entry><langstring>html</langstring></entry><extension><type/></extension></catalogentry></resource></relation><relation><resource><identifier>44389636_4#dsc 630 12 week week 12 supp readings.html</identifier><catalogentry><catalog>artifact_type</catalog><entry><langstring>html</langstring></entry><extension><type/></extension></catalogentry></resource></relation><relation><resource><identifier>44389637_4#dsc 630-12 12.1 db.html</identifier><catalogentry><catalog>artifact_type</catalog><entry><langstring>html</langstring></entry><extension><type/></extension></catalogentry></resource></relation><relation><resource><identifier>44389638_4#dsc 630-12 week 12 intro.html</identifier><catalogentry><catalog>artifact_type</catalog><entry><langstring>html</langstring></entry><extension><type/></extension></catalogentry></resource></relation><relation><resource><identifier>44142071_4#week 2</identifier><catalogentry><catalog>versioning_allfiles_or_allfilesrecursive</catalog><entry><langstring>allFilesInFolderOnly</langstring></entry><extension><type/></extension></catalogentry><catalogentry><catalog>tracking_allfiles_or_allfilesrecursive</catalog><entry><langstring>allFilesInFolderOnly</langstring></entry><extension><type/></extension></catalogentry></resource></relation><relation><resource><identifier>44210406_4#dsc 630 12 week 2 readings.html</identifier><catalogentry><catalog>artifact_type</catalog><entry><langstring>html</langstring></entry><extension><type/></extension></catalogentry></resource></relation><relation><resource><identifier>44213438_4#dsc 630 12 week week 1 assignment.html</identifier><catalogentry><catalog>artifact_type</catalog><entry><langstring>html</langstring></entry><extension><type/></extension></catalogentry></resource></relation><relation><resource><identifier>44214607_4#dsc 630 12 week week 2 peer review.html</identifier><catalogentry><catalog>artifact_type</catalog><entry><langstring>html</langstring></entry><extension><type/></extension></catalogentry></resource></relation><relation><resource><identifier>44213451_4#dsc 630 12 week week 2 Project Milestone.html</identifier><catalogentry><catalog>artifact_type</catalog><entry><langstring>html</langstring></entry><extension><type/></extension></catalogentry></resource></relation><relation><resource><identifier>44213480_4#dsc 630 12 week week 2 Status report.html</identifier><catalogentry><catalog>artifact_type</catalog><entry><langstring>html</langstring></entry><extension><type/></extension></catalogentry></resource></relation><relation><resource><identifier>44210483_4#dsc 630 12 week week 2 supp readings.html</identifier><catalogentry><catalog>artifact_type</catalog><entry><langstring>html</langstring></entry><extension><type/></extension></catalogentry></resource></relation><relation><resource><identifier>44212025_4#dsc 630-12 2.1 db.html</identifier><catalogentry><catalog>artifact_type</catalog><entry><langstring>html</langstring></entry><extension><type/></extension></catalogentry></resource></relation><relation><resource><identifier>44210424_4#dsc 630-12 week 2 intro.html</identifier><catalogentry><catalog>artifact_type</catalog><entry><langstring>html</langstring></entry><extension><type/></extension></catalogentry></resource></relation><relation><resource><identifier>44142072_4#week 3</identifier><catalogentry><catalog>versioning_allfiles_or_allfilesrecursive</catalog><entry><langstring>allFilesInFolderOnly</langstring></entry><extension><type/></extension></catalogentry><catalogentry><catalog>tracking_allfiles_or_allfilesrecursive</catalog><entry><langstring>allFilesInFolderOnly</langstring></entry><extension><type/></extension></catalogentry></resource></relation><relation><resource><identifier>44209935_4#dsc 630 12 week 3 readings.html</identifier><catalogentry><catalog>artifact_type</catalog><entry><langstring>html</langstring></entry><extension><type/></extension></catalogentry></resource></relation><relation><resource><identifier>44235731_4#dsc 630 12 week week 3 assignment.html</identifier><catalogentry><catalog>artifact_type</catalog><entry><langstring>html</langstring></entry><extension><type/></extension></catalogentry></resource></relation><relation><resource><identifier>44213483_4#dsc 630 12 week week 3 Status report.html</identifier><catalogentry><catalog>artifact_type</catalog><entry><langstring>html</langstring></entry><extension><type/></extension></catalogentry></resource></relation><relation><resource><identifier>44210499_4#dsc 630 12 week week 3 supp readings.html</identifier><catalogentry><catalog>artifact_type</catalog><entry><langstring>html</langstring></entry><extension><type/></extension></catalogentry></resource></relation><relation><resource><identifier>44212026_4#dsc 630-12 3.1 db.html</identifier><catalogentry><catalog>artifact_type</catalog><entry><langstring>html</langstring></entry><extension><type/></extension></catalogentry></resource></relation><relation><resource><identifier>44210444_4#dsc 630-12 week 3 intro.html</identifier><catalogentry><catalog>artifact_type</catalog><entry><langstring>html</langstring></entry><extension><type/></extension></catalogentry></resource></relation><relation><resource><identifier>44142074_4#week 4</identifier><catalogentry><catalog>versioning_allfiles_or_allfilesrecursive</catalog><entry><langstring>allFilesInFolderOnly</langstring></entry><extension><type/></extension></catalogentry><catalogentry><catalog>tracking_allfiles_or_allfilesrecursive</catalog><entry><langstring>allFilesInFolderOnly</langstring></entry><extension><type/></extension></catalogentry></resource></relation><relation><resource><identifier>44209959_4#dsc 630 12 week 4 readings.html</identifier><catalogentry><catalog>artifact_type</catalog><entry><langstring>html</langstring></entry><extension><type/></extension></catalogentry></resource></relation><relation><resource><identifier>44214619_4#dsc 630 12 week week 4 peer review.html</identifier><catalogentry><catalog>artifact_type</catalog><entry><langstring>html</langstring></entry><extension><type/></extension></catalogentry></resource></relation><relation><resource><identifier>44213484_4#dsc 630 12 week week 4 Status report.html</identifier><catalogentry><catalog>artifact_type</catalog><entry><langstring>html</langstring></entry><extension><type/></extension></catalogentry></resource></relation><relation><resource><identifier>44142083_4#dsc 630 12 week week 4 supplemental readings.html</identifier><catalogentry><catalog>artifact_type</catalog><entry><langstring>html</langstring></entry><extension><type/></extension></catalogentry></resource></relation><relation><resource><identifier>44212048_4#dsc 630-12 4.1 db.html</identifier><catalogentry><catalog>artifact_type</catalog><entry><langstring>html</langstring></entry><extension><type/></extension></catalogentry></resource></relation><relation><resource><identifier>44210438_4#dsc 630-12 week 4 intro.html</identifier><catalogentry><catalog>artifact_type</catalog><entry><langstring>html</langstring></entry><extension><type/></extension></catalogentry></resource></relation><relation><resource><identifier>44142075_4#week 5</identifier><catalogentry><catalog>versioning_allfiles_or_allfilesrecursive</catalog><entry><langstring>allFilesInFolderOnly</langstring></entry><extension><type/></extension></catalogentry><catalogentry><catalog>tracking_allfiles_or_allfilesrecursive</catalog><entry><langstring>allFilesInFolderOnly</langstring></entry><extension><type/></extension></catalogentry></resource></relation><relation><resource><identifier>44209908_4#dsc 630 12 week 5 readings.html</identifier><catalogentry><catalog>artifact_type</catalog><entry><langstring>html</langstring></entry><extension><type/></extension></catalogentry></resource></relation><relation><resource><identifier>44237864_4#dsc 630 12 week week 5 assignment.html</identifier><catalogentry><catalog>artifact_type</catalog><entry><langstring>html</langstring></entry><extension><type/></extension></catalogentry></resource></relation><relation><resource><identifier>44142084_4#dsc 630 12 week week 5 Project Milestone.html</identifier><catalogentry><catalog>artifact_type</catalog><entry><langstring>html</langstring></entry><extension><type/></extension></catalogentry></resource></relation><relation><resource><identifier>44213485_4#dsc 630 12 week week 5 Status report.html</identifier><catalogentry><catalog>artifact_type</catalog><entry><langstring>html</langstring></entry><extension><type/></extension></catalogentry></resource></relation><relation><resource><identifier>44211240_4#dsc 630 12 week week 5 supplemental readings.html</identifier><catalogentry><catalog>artifact_type</catalog><entry><langstring>html</langstring></entry><extension><type/></extension></catalogentry></resource></relation><relation><resource><identifier>44212081_4#dsc 630-12 5.1 db.html</identifier><catalogentry><catalog>artifact_type</catalog><entry><langstring>html</langstring></entry><extension><type/></extension></catalogentry></resource></relation><relation><resource><identifier>44210452_4#dsc 630-12 week 5 intro.html</identifier><catalogentry><catalog>artifact_type</catalog><entry><langstring>html</langstring></entry><extension><type/></extension></catalogentry></resource></relation><relation><resource><identifier>44142076_4#week 6</identifier><catalogentry><catalog>versioning_allfiles_or_allfilesrecursive</catalog><entry><langstring>allFilesInFolderOnly</langstring></entry><extension><type/></extension></catalogentry><catalogentry><catalog>tracking_allfiles_or_allfilesrecursive</catalog><entry><langstring>allFilesInFolderOnly</langstring></entry><extension><type/></extension></catalogentry></resource></relation><relation><resource><identifier>44210403_4#dsc 630 12 week 6 readings.html</identifier><catalogentry><catalog>artifact_type</catalog><entry><langstring>html</langstring></entry><extension><type/></extension></catalogentry></resource></relation><relation><resource><identifier>44378277_4#dsc 630 12 week week 6 peer review.html</identifier><catalogentry><catalog>artifact_type</catalog><entry><langstring>html</langstring></entry><extension><type/></extension></catalogentry></resource></relation><relation><resource><identifier>44213487_4#dsc 630 12 week week 6 Status report.html</identifier><catalogentry><catalog>artifact_type</catalog><entry><langstring>html</langstring></entry><extension><type/></extension></catalogentry></resource></relation><relation><resource><identifier>44211247_4#dsc 630 12 week week 6 supp readings.html</identifier><catalogentry><catalog>artifact_type</catalog><entry><langstring>html</langstring></entry><extension><type/></extension></catalogentry></resource></relation><relation><resource><identifier>44212087_4#dsc 630-12 6.1 db.html</identifier><catalogentry><catalog>artifact_type</catalog><entry><langstring>html</langstring></entry><extension><type/></extension></catalogentry></resource></relation><relation><resource><identifier>44210459_4#dsc 630-12 week 6 intro.html</identifier><catalogentry><catalog>artifact_type</catalog><entry><langstring>html</langstring></entry><extension><type/></extension></catalogentry></resource></relation><relation><resource><identifier>44142077_4#week 7</identifier><catalogentry><catalog>versioning_allfiles_or_allfilesrecursive</catalog><entry><langstring>allFilesInFolderOnly</langstring></entry><extension><type/></extension></catalogentry><catalogentry><catalog>tracking_allfiles_or_allfilesrecursive</catalog><entry><langstring>allFilesInFolderOnly</langstring></entry><extension><type/></extension></catalogentry></resource></relation><relation><resource><identifier>44378934_4#dsc 630 12 week 7 readings.html</identifier><catalogentry><catalog>artifact_type</catalog><entry><langstring>html</langstring></entry><extension><type/></extension></catalogentry></resource></relation><relation><resource><identifier>44378935_4#dsc 630 12 week week 7 Assignment.html</identifier><catalogentry><catalog>artifact_type</catalog><entry><langstring>html</langstring></entry><extension><type/></extension></catalogentry></resource></relation><relation><resource><identifier>44213488_4#dsc 630 12 week week 7 Status report.html</identifier><catalogentry><catalog>artifact_type</catalog><entry><langstring>html</langstring></entry><extension><type/></extension></catalogentry></resource></relation><relation><resource><identifier>44378937_4#dsc 630 12 week week 7 supp readings.html</identifier><catalogentry><catalog>artifact_type</catalog><entry><langstring>html</langstring></entry><extension><type/></extension></catalogentry></resource></relation><relation><resource><identifier>44378936_4#dsc 630 12week week 7 Status report.html</identifier><catalogentry><catalog>artifact_type</catalog><entry><langstring>html</langstring></entry><extension><type/></extension></catalogentry></resource></relation><relation><resource><identifier>44378938_4#dsc 630-12 7.1 db.html</identifier><catalogentry><catalog>artifact_type</catalog><entry><langstring>html</langstring></entry><extension><type/></extension></catalogentry></resource></relation><relation><resource><identifier>44378939_4#dsc 630-12 week 7 intro.html</identifier><catalogentry><catalog>artifact_type</catalog><entry><langstring>html</langstring></entry><extension><type/></extension></catalogentry></resource></relation><relation><resource><identifier>44142078_4#week 8</identifier><catalogentry><catalog>versioning_allfiles_or_allfilesrecursive</catalog><entry><langstring>allFilesInFolderOnly</langstring></entry><extension><type/></extension></catalogentry><catalogentry><catalog>tracking_allfiles_or_allfilesrecursive</catalog><entry><langstring>allFilesInFolderOnly</langstring></entry><extension><type/></extension></catalogentry></resource></relation><relation><resource><identifier>44379548_4#dsc 630 12 week 8 readings.html</identifier><catalogentry><catalog>artifact_type</catalog><entry><langstring>html</langstring></entry><extension><type/></extension></catalogentry></resource></relation><relation><resource><identifier>44214621_4#dsc 630 12 week week 8 peer review.html</identifier><catalogentry><catalog>artifact_type</catalog><entry><langstring>html</langstring></entry><extension><type/></extension></catalogentry></resource></relation><relation><resource><identifier>44213489_4#dsc 630 12 week week 8 Status report.html</identifier><catalogentry><catalog>artifact_type</catalog><entry><langstring>html</langstring></entry><extension><type/></extension></catalogentry></resource></relation><relation><resource><identifier>44379551_4#dsc 630 12 week week 8 supp readings.html</identifier><catalogentry><catalog>artifact_type</catalog><entry><langstring>html</langstring></entry><extension><type/></extension></catalogentry></resource></relation><relation><resource><identifier>44379549_4#dsc 630 12week week 8 peer review.html</identifier><catalogentry><catalog>artifact_type</catalog><entry><langstring>html</langstring></entry><extension><type/></extension></catalogentry></resource></relation><relation><resource><identifier>44379550_4#dsc 630 12week week 8 Status report.html</identifier><catalogentry><catalog>artifact_type</catalog><entry><langstring>html</langstring></entry><extension><type/></extension></catalogentry></resource></relation><relation><resource><identifier>44379552_4#dsc 630-12 8.1 db.html</identifier><catalogentry><catalog>artifact_type</catalog><entry><langstring>html</langstring></entry><extension><type/></extension></catalogentry></resource></relation><relation><resource><identifier>44379553_4#dsc 630-12 week 8 intro.html</identifier><catalogentry><catalog>artifact_type</catalog><entry><langstring>html</langstring></entry><extension><type/></extension></catalogentry></resource></relation><relation><resource><identifier>44142079_4#week 9</identifier><catalogentry><catalog>versioning_allfiles_or_allfilesrecursive</catalog><entry><langstring>allFilesInFolderOnly</langstring></entry><extension><type/></extension></catalogentry><catalogentry><catalog>tracking_allfiles_or_allfilesrecursive</catalog><entry><langstring>allFilesInFolderOnly</langstring></entry><extension><type/></extension></catalogentry></resource></relation><relation><resource><identifier>44383939_4#dsc 630 12 week 9 readings.html</identifier><catalogentry><catalog>artifact_type</catalog><entry><langstring>html</langstring></entry><extension><type/></extension></catalogentry></resource></relation><relation><resource><identifier>44383940_4#dsc 630 12 week week 9 assignment.html</identifier><catalogentry><catalog>artifact_type</catalog><entry><langstring>html</langstring></entry><extension><type/></extension></catalogentry></resource></relation><relation><resource><identifier>44383941_4#dsc 630 12 week week 9 Project Milestone.html</identifier><catalogentry><catalog>artifact_type</catalog><entry><langstring>html</langstring></entry><extension><type/></extension></catalogentry></resource></relation><relation><resource><identifier>44213490_4#dsc 630 12 week week 9 Status report.html</identifier><catalogentry><catalog>artifact_type</catalog><entry><langstring>html</langstring></entry><extension><type/></extension></catalogentry></resource></relation><relation><resource><identifier>44383943_4#dsc 630 12 week week 9 supplemental readings.html</identifier><catalogentry><catalog>artifact_type</catalog><entry><langstring>html</langstring></entry><extension><type/></extension></catalogentry></resource></relation><relation><resource><identifier>44383944_4#dsc 630-12 9.1 db.html</identifier><catalogentry><catalog>artifact_type</catalog><entry><langstring>html</langstring></entry><extension><type/></extension></catalogentry></resource></relation><relation><resource><identifier>44383945_4#dsc 630-12 week 9 intro.html</identifier><catalogentry><catalog>artifact_type</catalog><entry><langstring>html</langstring></entry><extension><type/></extension></catalogentry></resource></relation></lom>
