<?xml version="1.0" encoding="UTF-8"?>
<lom xmlns="http://www.imsglobal.org/xsd/imsmd_rootv1p2p1" xmlns:xsi="http://www.w3.org/2001/XMLSchema-instance" xsi:schemaLocation="http://www.imsglobal.org/xsd/imsmd_rootv1p2p1 imsmd_rootv1p2p1.xsd"><relation><resource><identifier>41373306_4#520</identifier><catalogentry><catalog>versioning_allfiles_or_allfilesrecursive</catalog><entry><langstring>allFilesInFolderAndSubfolders</langstring></entry><extension><type/></extension></catalogentry><catalogentry><catalog>tracking_allfiles_or_allfilesrecursive</catalog><entry><langstring>allFilesInFolderAndSubfolders</langstring></entry><extension><type/></extension></catalogentry></resource></relation><relation><resource><identifier>41373310_4#10-week</identifier><catalogentry><catalog>versioning_allfiles_or_allfilesrecursive</catalog><entry><langstring>allFilesInFolderAndSubfolders</langstring></entry><extension><type/></extension></catalogentry><catalogentry><catalog>tracking_allfiles_or_allfilesrecursive</catalog><entry><langstring>allFilesInFolderAndSubfolders</langstring></entry><extension><type/></extension></catalogentry></resource></relation><relation><resource><identifier>41906418_4#week 1</identifier><catalogentry><catalog>versioning_allfiles_or_allfilesrecursive</catalog><entry><langstring>allFilesInFolderAndSubfolders</langstring></entry><extension><type/></extension></catalogentry><catalogentry><catalog>tracking_allfiles_or_allfilesrecursive</catalog><entry><langstring>allFilesInFolderAndSubfolders</langstring></entry><extension><type/></extension></catalogentry></resource></relation><relation><resource><identifier>41906447_4#dsc 520-12 1.1 assignment.html</identifier><catalogentry><catalog>artifact_type</catalog><entry><langstring>html</langstring></entry><extension><type/></extension></catalogentry></resource></relation><relation><resource><identifier>41906448_4#dsc 520-12 1.2 db.html</identifier><catalogentry><catalog>artifact_type</catalog><entry><langstring>html</langstring></entry><extension><type/></extension></catalogentry></resource></relation><relation><resource><identifier>41906441_4#dsc 520-12 course intro discussion.html</identifier><catalogentry><catalog>artifact_type</catalog><entry><langstring>html</langstring></entry><extension><type/></extension></catalogentry></resource></relation><relation><resource><identifier>41906445_4#dsc 520-12 datacamp exercise 1.html</identifier><catalogentry><catalog>artifact_type</catalog><entry><langstring>html</langstring></entry><extension><type/></extension></catalogentry></resource></relation><relation><resource><identifier>41906461_4#dsc 520-12 week 1 instructor notes.html</identifier><catalogentry><catalog>artifact_type</catalog><entry><langstring>html</langstring></entry><extension><type/></extension></catalogentry></resource></relation><relation><resource><identifier>41906432_4#dsc 520-12 week 1 intro.html</identifier><catalogentry><catalog>artifact_type</catalog><entry><langstring>html</langstring></entry><extension><type/></extension></catalogentry></resource></relation><relation><resource><identifier>41906437_4#dsc 520-12 week 1 readings.html</identifier><catalogentry><catalog>artifact_type</catalog><entry><langstring>html</langstring></entry><extension><type/></extension></catalogentry></resource></relation><relation><resource><identifier>41906429_4#week 10</identifier><catalogentry><catalog>versioning_allfiles_or_allfilesrecursive</catalog><entry><langstring>allFilesInFolderAndSubfolders</langstring></entry><extension><type/></extension></catalogentry><catalogentry><catalog>tracking_allfiles_or_allfilesrecursive</catalog><entry><langstring>allFilesInFolderAndSubfolders</langstring></entry><extension><type/></extension></catalogentry></resource></relation><relation><resource><identifier>41956399_4#dsc 520 12 10.1 assignment.html</identifier><catalogentry><catalog>artifact_type</catalog><entry><langstring>html</langstring></entry><extension><type/></extension></catalogentry></resource></relation><relation><resource><identifier>41956400_4#dsc 520 12 10.2 assignment.html</identifier><catalogentry><catalog>artifact_type</catalog><entry><langstring>html</langstring></entry><extension><type/></extension></catalogentry></resource></relation><relation><resource><identifier>41957801_4#dsc 520 12 10.3 assignment.html</identifier><catalogentry><catalog>artifact_type</catalog><entry><langstring>html</langstring></entry><extension><type/></extension></catalogentry></resource></relation><relation><resource><identifier>41956397_4#dsc 520 week 10 intro.html</identifier><catalogentry><catalog>artifact_type</catalog><entry><langstring>html</langstring></entry><extension><type/></extension></catalogentry></resource></relation><relation><resource><identifier>41956398_4#dsc 520 week 10 readings.html</identifier><catalogentry><catalog>artifact_type</catalog><entry><langstring>html</langstring></entry><extension><type/></extension></catalogentry></resource></relation><relation><resource><identifier>41906430_4#week 11</identifier><catalogentry><catalog>versioning_allfiles_or_allfilesrecursive</catalog><entry><langstring>allFilesInFolderAndSubfolders</langstring></entry><extension><type/></extension></catalogentry><catalogentry><catalog>tracking_allfiles_or_allfilesrecursive</catalog><entry><langstring>allFilesInFolderAndSubfolders</langstring></entry><extension><type/></extension></catalogentry></resource></relation><relation><resource><identifier>41957806_4#dsc 520 12 11.1 assignment.html</identifier><catalogentry><catalog>artifact_type</catalog><entry><langstring>html</langstring></entry><extension><type/></extension></catalogentry></resource></relation><relation><resource><identifier>41957810_4#dsc 520 12 11.2 assignment.html</identifier><catalogentry><catalog>artifact_type</catalog><entry><langstring>html</langstring></entry><extension><type/></extension></catalogentry></resource></relation><relation><resource><identifier>41957803_4#dsc 520 week 11 intro.html</identifier><catalogentry><catalog>artifact_type</catalog><entry><langstring>html</langstring></entry><extension><type/></extension></catalogentry></resource></relation><relation><resource><identifier>41957804_4#dsc 520 week 11 readings.html</identifier><catalogentry><catalog>artifact_type</catalog><entry><langstring>html</langstring></entry><extension><type/></extension></catalogentry></resource></relation><relation><resource><identifier>41957805_4#dsc 520 week 11 supp readings.html</identifier><catalogentry><catalog>artifact_type</catalog><entry><langstring>html</langstring></entry><extension><type/></extension></catalogentry></resource></relation><relation><resource><identifier>41957802_4#Math Images</identifier><catalogentry><catalog>versioning_allfiles_or_allfilesrecursive</catalog><entry><langstring>allFilesInFolderAndSubfolders</langstring></entry><extension><type/></extension></catalogentry><catalogentry><catalog>tracking_allfiles_or_allfilesrecursive</catalog><entry><langstring>allFilesInFolderAndSubfolders</langstring></entry><extension><type/></extension></catalogentry></resource></relation><relation><resource><identifier>41906431_4#week 12</identifier><catalogentry><catalog>versioning_allfiles_or_allfilesrecursive</catalog><entry><langstring>allFilesInFolderAndSubfolders</langstring></entry><extension><type/></extension></catalogentry><catalogentry><catalog>tracking_allfiles_or_allfilesrecursive</catalog><entry><langstring>allFilesInFolderAndSubfolders</langstring></entry><extension><type/></extension></catalogentry></resource></relation><relation><resource><identifier>41957816_4#dsc 520 12.1 assignment.html</identifier><catalogentry><catalog>artifact_type</catalog><entry><langstring>html</langstring></entry><extension><type/></extension></catalogentry></resource></relation><relation><resource><identifier>41957814_4#dsc 520 week 12 intro.html</identifier><catalogentry><catalog>artifact_type</catalog><entry><langstring>html</langstring></entry><extension><type/></extension></catalogentry></resource></relation><relation><resource><identifier>41957815_4#dsc 520 week 12 readings.html</identifier><catalogentry><catalog>artifact_type</catalog><entry><langstring>html</langstring></entry><extension><type/></extension></catalogentry></resource></relation><relation><resource><identifier>41906419_4#week 2</identifier><catalogentry><catalog>versioning_allfiles_or_allfilesrecursive</catalog><entry><langstring>allFilesInFolderAndSubfolders</langstring></entry><extension><type/></extension></catalogentry><catalogentry><catalog>tracking_allfiles_or_allfilesrecursive</catalog><entry><langstring>allFilesInFolderAndSubfolders</langstring></entry><extension><type/></extension></catalogentry></resource></relation><relation><resource><identifier>41906494_4#dsc 520 12 2.2 assignment.html</identifier><catalogentry><catalog>artifact_type</catalog><entry><langstring>html</langstring></entry><extension><type/></extension></catalogentry></resource></relation><relation><resource><identifier>41906495_4#dsc 520 12 2.3 assignment.html</identifier><catalogentry><catalog>artifact_type</catalog><entry><langstring>html</langstring></entry><extension><type/></extension></catalogentry></resource></relation><relation><resource><identifier>41906497_4#dsc 520 12 2.4 db.html</identifier><catalogentry><catalog>artifact_type</catalog><entry><langstring>html</langstring></entry><extension><type/></extension></catalogentry></resource></relation><relation><resource><identifier>41906498_4#dsc 520 12 2.5 db.html</identifier><catalogentry><catalog>artifact_type</catalog><entry><langstring>html</langstring></entry><extension><type/></extension></catalogentry></resource></relation><relation><resource><identifier>41906493_4#dsc 520-12 2.1 assignment.html</identifier><catalogentry><catalog>artifact_type</catalog><entry><langstring>html</langstring></entry><extension><type/></extension></catalogentry></resource></relation><relation><resource><identifier>41906487_4#dsc 520-12 datacamp exercise 2.html</identifier><catalogentry><catalog>artifact_type</catalog><entry><langstring>html</langstring></entry><extension><type/></extension></catalogentry></resource></relation><relation><resource><identifier>41906470_4#dsc 520-12 week 2 intro.html</identifier><catalogentry><catalog>artifact_type</catalog><entry><langstring>html</langstring></entry><extension><type/></extension></catalogentry></resource></relation><relation><resource><identifier>41906477_4#dsc 520-12 week 2 readings.html</identifier><catalogentry><catalog>artifact_type</catalog><entry><langstring>html</langstring></entry><extension><type/></extension></catalogentry></resource></relation><relation><resource><identifier>41906420_4#week 3</identifier><catalogentry><catalog>versioning_allfiles_or_allfilesrecursive</catalog><entry><langstring>allFilesInFolderAndSubfolders</langstring></entry><extension><type/></extension></catalogentry><catalogentry><catalog>tracking_allfiles_or_allfilesrecursive</catalog><entry><langstring>allFilesInFolderAndSubfolders</langstring></entry><extension><type/></extension></catalogentry></resource></relation><relation><resource><identifier>41907202_4#dsc 520 12 3.1 assignment.html</identifier><catalogentry><catalog>artifact_type</catalog><entry><langstring>html</langstring></entry><extension><type/></extension></catalogentry></resource></relation><relation><resource><identifier>41907203_4#dsc 520 12 3.2 db.html</identifier><catalogentry><catalog>artifact_type</catalog><entry><langstring>html</langstring></entry><extension><type/></extension></catalogentry></resource></relation><relation><resource><identifier>41907201_4#dsc 520 12 datacamp exercise 3.html</identifier><catalogentry><catalog>artifact_type</catalog><entry><langstring>html</langstring></entry><extension><type/></extension></catalogentry></resource></relation><relation><resource><identifier>41906499_4#dsc 520 12 week 3 intro.html</identifier><catalogentry><catalog>artifact_type</catalog><entry><langstring>html</langstring></entry><extension><type/></extension></catalogentry></resource></relation><relation><resource><identifier>41906500_4#dsc 520-12 week 3 readings.html</identifier><catalogentry><catalog>artifact_type</catalog><entry><langstring>html</langstring></entry><extension><type/></extension></catalogentry></resource></relation><relation><resource><identifier>41906421_4#week 4</identifier><catalogentry><catalog>versioning_allfiles_or_allfilesrecursive</catalog><entry><langstring>allFilesInFolderAndSubfolders</langstring></entry><extension><type/></extension></catalogentry><catalogentry><catalog>tracking_allfiles_or_allfilesrecursive</catalog><entry><langstring>allFilesInFolderAndSubfolders</langstring></entry><extension><type/></extension></catalogentry></resource></relation><relation><resource><identifier>41907209_4#dsc 520 12 4.1 assignment.html</identifier><catalogentry><catalog>artifact_type</catalog><entry><langstring>html</langstring></entry><extension><type/></extension></catalogentry></resource></relation><relation><resource><identifier>41907210_4#dsc 520 12 4.2 assigment.html</identifier><catalogentry><catalog>artifact_type</catalog><entry><langstring>html</langstring></entry><extension><type/></extension></catalogentry></resource></relation><relation><resource><identifier>41907211_4#dsc 520 12 4.3 discussion.html</identifier><catalogentry><catalog>artifact_type</catalog><entry><langstring>html</langstring></entry><extension><type/></extension></catalogentry></resource></relation><relation><resource><identifier>41907208_4#dsc 520 12 datacamp exercise 4.html</identifier><catalogentry><catalog>artifact_type</catalog><entry><langstring>html</langstring></entry><extension><type/></extension></catalogentry></resource></relation><relation><resource><identifier>41907204_4#dsc 520 12 week 4 intro.html</identifier><catalogentry><catalog>artifact_type</catalog><entry><langstring>html</langstring></entry><extension><type/></extension></catalogentry></resource></relation><relation><resource><identifier>41907205_4#dsc 520 12 week 4 readings.html</identifier><catalogentry><catalog>artifact_type</catalog><entry><langstring>html</langstring></entry><extension><type/></extension></catalogentry></resource></relation><relation><resource><identifier>41907206_4#dsc 520 12 week 4 sup readings.html</identifier><catalogentry><catalog>artifact_type</catalog><entry><langstring>html</langstring></entry><extension><type/></extension></catalogentry></resource></relation><relation><resource><identifier>41906424_4#week 5</identifier><catalogentry><catalog>versioning_allfiles_or_allfilesrecursive</catalog><entry><langstring>allFilesInFolderAndSubfolders</langstring></entry><extension><type/></extension></catalogentry><catalogentry><catalog>tracking_allfiles_or_allfilesrecursive</catalog><entry><langstring>allFilesInFolderAndSubfolders</langstring></entry><extension><type/></extension></catalogentry></resource></relation><relation><resource><identifier>41907217_4#dc ex 5 dsc 520 12 week.html</identifier><catalogentry><catalog>artifact_type</catalog><entry><langstring>html</langstring></entry><extension><type/></extension></catalogentry></resource></relation><relation><resource><identifier>41907227_4#dsc 520 12 5.4 discussion.html</identifier><catalogentry><catalog>artifact_type</catalog><entry><langstring>html</langstring></entry><extension><type/></extension></catalogentry></resource></relation><relation><resource><identifier>41907218_4#dsc 520 12-week 5.1 assignment.html</identifier><catalogentry><catalog>artifact_type</catalog><entry><langstring>html</langstring></entry><extension><type/></extension></catalogentry></resource></relation><relation><resource><identifier>41907219_4#dsc 520 5.2 assignment 12-week.html</identifier><catalogentry><catalog>artifact_type</catalog><entry><langstring>html</langstring></entry><extension><type/></extension></catalogentry></resource></relation><relation><resource><identifier>41907222_4#dsc 520 5.3 assignment 12 week.html</identifier><catalogentry><catalog>artifact_type</catalog><entry><langstring>html</langstring></entry><extension><type/></extension></catalogentry></resource></relation><relation><resource><identifier>41907214_4#week 5 correlation.html</identifier><catalogentry><catalog>artifact_type</catalog><entry><langstring>html</langstring></entry><extension><type/></extension></catalogentry></resource></relation><relation><resource><identifier>41907215_4#week 5 readings 520 12 week.html</identifier><catalogentry><catalog>artifact_type</catalog><entry><langstring>html</langstring></entry><extension><type/></extension></catalogentry></resource></relation><relation><resource><identifier>41907216_4#week 5 sup readings 520 12-week.html</identifier><catalogentry><catalog>artifact_type</catalog><entry><langstring>html</langstring></entry><extension><type/></extension></catalogentry></resource></relation><relation><resource><identifier>41906425_4#week 6</identifier><catalogentry><catalog>versioning_allfiles_or_allfilesrecursive</catalog><entry><langstring>allFilesInFolderAndSubfolders</langstring></entry><extension><type/></extension></catalogentry><catalogentry><catalog>tracking_allfiles_or_allfilesrecursive</catalog><entry><langstring>allFilesInFolderAndSubfolders</langstring></entry><extension><type/></extension></catalogentry></resource></relation><relation><resource><identifier>41956365_4#dsc 520 6.1 assignment.html</identifier><catalogentry><catalog>artifact_type</catalog><entry><langstring>html</langstring></entry><extension><type/></extension></catalogentry></resource></relation><relation><resource><identifier>41956374_4#dsc 520 6.2 assignment.html</identifier><catalogentry><catalog>artifact_type</catalog><entry><langstring>html</langstring></entry><extension><type/></extension></catalogentry></resource></relation><relation><resource><identifier>41956375_4#dsc 520 6.3 assigment.html</identifier><catalogentry><catalog>artifact_type</catalog><entry><langstring>html</langstring></entry><extension><type/></extension></catalogentry></resource></relation><relation><resource><identifier>41956376_4#dsc 520 6.4 discussion.html</identifier><catalogentry><catalog>artifact_type</catalog><entry><langstring>html</langstring></entry><extension><type/></extension></catalogentry></resource></relation><relation><resource><identifier>41956362_4#dsc 520 datacamp exercise 6.html</identifier><catalogentry><catalog>artifact_type</catalog><entry><langstring>html</langstring></entry><extension><type/></extension></catalogentry></resource></relation><relation><resource><identifier>41956352_4#dsc 520 week 6 intro.html</identifier><catalogentry><catalog>artifact_type</catalog><entry><langstring>html</langstring></entry><extension><type/></extension></catalogentry></resource></relation><relation><resource><identifier>41956356_4#dsc 520 week 6 readings.html</identifier><catalogentry><catalog>artifact_type</catalog><entry><langstring>html</langstring></entry><extension><type/></extension></catalogentry></resource></relation><relation><resource><identifier>41956359_4#dsc 520 week 6 supp readings.html</identifier><catalogentry><catalog>artifact_type</catalog><entry><langstring>html</langstring></entry><extension><type/></extension></catalogentry></resource></relation><relation><resource><identifier>41906426_4#week 7</identifier><catalogentry><catalog>versioning_allfiles_or_allfilesrecursive</catalog><entry><langstring>allFilesInFolderAndSubfolders</langstring></entry><extension><type/></extension></catalogentry><catalogentry><catalog>tracking_allfiles_or_allfilesrecursive</catalog><entry><langstring>allFilesInFolderAndSubfolders</langstring></entry><extension><type/></extension></catalogentry></resource></relation><relation><resource><identifier>41956380_4#dsc 520 7.1 assignment.html</identifier><catalogentry><catalog>artifact_type</catalog><entry><langstring>html</langstring></entry><extension><type/></extension></catalogentry></resource></relation><relation><resource><identifier>41956381_4#dsc 520 7.2 discussion.html</identifier><catalogentry><catalog>artifact_type</catalog><entry><langstring>html</langstring></entry><extension><type/></extension></catalogentry></resource></relation><relation><resource><identifier>41956379_4#dsc 520 datacamp exercise 7.html</identifier><catalogentry><catalog>artifact_type</catalog><entry><langstring>html</langstring></entry><extension><type/></extension></catalogentry></resource></relation><relation><resource><identifier>41956377_4#dsc 520 week 7 intro.html</identifier><catalogentry><catalog>artifact_type</catalog><entry><langstring>html</langstring></entry><extension><type/></extension></catalogentry></resource></relation><relation><resource><identifier>41956378_4#dsc 520 week 7 readings.html</identifier><catalogentry><catalog>artifact_type</catalog><entry><langstring>html</langstring></entry><extension><type/></extension></catalogentry></resource></relation><relation><resource><identifier>41906427_4#week 8</identifier><catalogentry><catalog>versioning_allfiles_or_allfilesrecursive</catalog><entry><langstring>allFilesInFolderAndSubfolders</langstring></entry><extension><type/></extension></catalogentry><catalogentry><catalog>tracking_allfiles_or_allfilesrecursive</catalog><entry><langstring>allFilesInFolderAndSubfolders</langstring></entry><extension><type/></extension></catalogentry></resource></relation><relation><resource><identifier>41956384_4#dsc 520 8.1 assignment.html</identifier><catalogentry><catalog>artifact_type</catalog><entry><langstring>html</langstring></entry><extension><type/></extension></catalogentry></resource></relation><relation><resource><identifier>41956382_4#dsc 520 week 8 intro.html</identifier><catalogentry><catalog>artifact_type</catalog><entry><langstring>html</langstring></entry><extension><type/></extension></catalogentry></resource></relation><relation><resource><identifier>41956383_4#dsc 520 week 8 readings.html</identifier><catalogentry><catalog>artifact_type</catalog><entry><langstring>html</langstring></entry><extension><type/></extension></catalogentry></resource></relation><relation><resource><identifier>41906428_4#week 9</identifier><catalogentry><catalog>versioning_allfiles_or_allfilesrecursive</catalog><entry><langstring>allFilesInFolderAndSubfolders</langstring></entry><extension><type/></extension></catalogentry><catalogentry><catalog>tracking_allfiles_or_allfilesrecursive</catalog><entry><langstring>allFilesInFolderAndSubfolders</langstring></entry><extension><type/></extension></catalogentry></resource></relation><relation><resource><identifier>41956394_4#dsc 520 9.1 assignment.html</identifier><catalogentry><catalog>artifact_type</catalog><entry><langstring>html</langstring></entry><extension><type/></extension></catalogentry></resource></relation><relation><resource><identifier>41956395_4#dsc 520 9.2 assignment.html</identifier><catalogentry><catalog>artifact_type</catalog><entry><langstring>html</langstring></entry><extension><type/></extension></catalogentry></resource></relation><relation><resource><identifier>41956396_4#dsc 520 week 9 instructor notes.html</identifier><catalogentry><catalog>artifact_type</catalog><entry><langstring>html</langstring></entry><extension><type/></extension></catalogentry></resource></relation><relation><resource><identifier>41956388_4#dsc 520 week 9 intro.html</identifier><catalogentry><catalog>artifact_type</catalog><entry><langstring>html</langstring></entry><extension><type/></extension></catalogentry></resource></relation><relation><resource><identifier>41956389_4#dsc 520 week 9 readings.html</identifier><catalogentry><catalog>artifact_type</catalog><entry><langstring>html</langstring></entry><extension><type/></extension></catalogentry></resource></relation></lom>
